-- phpMyAdmin SQL Dump
-- version 4.5.1
-- http://www.phpmyadmin.net
--
-- Host: 127.0.0.1
-- Generation Time: Jun 15, 2016 at 12:29 PM
-- Server version: 10.1.13-MariaDB
-- PHP Version: 5.5.34

SET SQL_MODE = "NO_AUTO_VALUE_ON_ZERO";
SET time_zone = "+00:00";


/*!40101 SET @OLD_CHARACTER_SET_CLIENT=@@CHARACTER_SET_CLIENT */;
/*!40101 SET @OLD_CHARACTER_SET_RESULTS=@@CHARACTER_SET_RESULTS */;
/*!40101 SET @OLD_COLLATION_CONNECTION=@@COLLATION_CONNECTION */;
/*!40101 SET NAMES utf8mb4 */;

--
-- Database: `nathai_ordering_v2`
--
CREATE DATABASE IF NOT EXISTS `nathai_ordering_v2` DEFAULT CHARACTER SET utf8mb4 COLLATE utf8mb4_general_ci;
USE `nathai_ordering_v2`;

-- --------------------------------------------------------

--
-- Table structure for table `billings`
--

CREATE TABLE `billings` (
  `id` int(11) UNSIGNED NOT NULL,
  `date` date NOT NULL,
  `billing_no` tinyint(4) NOT NULL,
  `table_no` char(3) NOT NULL,
  `total_customer` tinyint(4) DEFAULT NULL,
  `total_price` decimal(10,2) DEFAULT NULL,
  `total_vat` decimal(10,2) DEFAULT NULL,
  `payment_cash` decimal(10,2) DEFAULT NULL,
  `payment_return` decimal(10,2) DEFAULT NULL,
  `payment_date` datetime DEFAULT NULL
) ENGINE=InnoDB DEFAULT CHARSET=utf8mb4;

--
-- Dumping data for table `billings`
--

INSERT INTO `billings` (`id`, `date`, `billing_no`, `table_no`, `total_customer`, `total_price`, `total_vat`, `payment_cash`, `payment_return`, `payment_date`) VALUES
(1, '2016-05-14', 1, 'C1', 1, '1100.00', NULL, NULL, NULL, NULL),
(2, '2016-05-14', 2, 'C1', 1, '1900.00', NULL, NULL, NULL, NULL),
(3, '2016-05-14', 3, 'C3', 2, '3400.00', NULL, NULL, NULL, NULL),
(4, '2016-05-14', 4, 'C7', 1, '1850.00', NULL, NULL, NULL, NULL),
(5, '2016-05-14', 5, 'C7', 1, '1850.00', NULL, NULL, NULL, NULL),
(6, '2016-05-14', 6, 'C3', 2, '2550.00', NULL, NULL, NULL, NULL),
(7, '2016-05-14', 7, 'C9', 2, '4750.00', NULL, NULL, NULL, NULL),
(8, '2016-05-14', 8, 'TO1', 1, '750.00', NULL, NULL, NULL, NULL),
(9, '2016-05-14', 9, 'C6', 1, '950.00', NULL, NULL, NULL, NULL),
(10, '2016-05-14', 10, 'C4', 2, '7850.00', NULL, NULL, NULL, NULL),
(11, '2016-05-14', 11, 'C1', 2, '2300.00', NULL, NULL, NULL, NULL),
(12, '2016-05-14', 12, 'C8', 2, '4350.00', NULL, NULL, NULL, NULL),
(13, '2016-05-14', 13, 'C1', 2, '3300.00', NULL, NULL, NULL, NULL),
(14, '2016-05-15', 1, 'C1', 3, '3700.00', NULL, NULL, NULL, NULL),
(15, '2016-05-15', 2, 'TO3', 1, '1450.00', NULL, NULL, NULL, NULL),
(16, '2016-05-15', 3, 'TO3', 1, '550.00', NULL, NULL, NULL, NULL),
(17, '2016-05-15', 4, 'C5', 1, '850.00', NULL, NULL, NULL, NULL),
(18, '2016-05-15', 5, 'C2', 2, '2400.00', NULL, NULL, NULL, NULL),
(19, '2016-05-15', 6, 'C8', 2, '4500.00', NULL, NULL, NULL, NULL),
(20, '2016-05-15', 7, 'C7', 1, '850.00', NULL, NULL, NULL, NULL),
(21, '2016-05-15', 8, 'C5', 1, '900.00', NULL, NULL, NULL, NULL),
(22, '2016-05-15', 9, '10', 2, '1800.00', NULL, NULL, NULL, NULL),
(23, '2016-05-15', 10, 'TO2', 1, '650.00', NULL, NULL, NULL, NULL),
(24, '2016-05-15', 11, 'TO2', 1, '2150.00', NULL, NULL, NULL, NULL),
(25, '2016-05-15', 12, 'C9', 2, '4500.00', NULL, NULL, NULL, NULL),
(26, '2016-05-15', 13, 'C9', 2, '4100.00', NULL, NULL, NULL, NULL),
(27, '2016-05-15', 14, 'C4', 2, '2350.00', NULL, NULL, NULL, NULL),
(28, '2016-05-15', 15, 'C1', 2, '1800.00', NULL, NULL, NULL, NULL),
(29, '2016-05-15', 16, 'TO1', 1, '750.00', NULL, NULL, NULL, NULL),
(30, '2016-05-15', 17, 'C2', 1, '1250.00', NULL, NULL, NULL, NULL),
(31, '2016-05-16', 1, 'C1', 100, '6700.00', NULL, NULL, NULL, NULL),
(32, '2016-05-16', 2, 'C8', 100, '6700.00', NULL, NULL, NULL, NULL),
(33, '2016-05-16', 3, 'C4', 1, '1100.00', NULL, NULL, NULL, NULL),
(34, '2016-05-16', 4, 'C9', 2, '5350.00', NULL, NULL, NULL, NULL),
(35, '2016-05-16', 5, 'TO1', 2, '2150.00', NULL, NULL, NULL, NULL),
(36, '2016-05-16', 6, 'TO1', 2, '1400.00', NULL, NULL, NULL, NULL),
(37, '2016-05-16', 7, 'TO2', 1, '750.00', NULL, NULL, NULL, NULL),
(38, '2016-05-16', 8, 'C5', 1, '1300.00', NULL, NULL, NULL, NULL),
(39, '2016-05-16', 9, 'C3', 1, '800.00', NULL, NULL, NULL, NULL),
(40, '2016-05-16', 10, 'C5', 3, '2700.00', NULL, NULL, NULL, NULL),
(41, '2016-05-16', 11, 'C9', 2, '1700.00', NULL, NULL, NULL, NULL),
(42, '2016-05-16', 12, 'C1', 1, '850.00', NULL, NULL, NULL, NULL),
(43, '2016-05-16', 13, 'C3', 1, '850.00', NULL, NULL, NULL, NULL),
(44, '2016-05-16', 14, 'TO1', 1, '850.00', NULL, NULL, NULL, NULL),
(45, '2016-05-16', 15, 'TO2', 2, '4550.00', NULL, NULL, NULL, NULL),
(46, '2016-05-16', 16, 'C5', 1, '900.00', NULL, NULL, NULL, NULL),
(47, '2016-05-16', 17, 'TO1', 1, '1400.00', NULL, NULL, NULL, NULL),
(48, '2016-05-16', 18, 'C9', 1, '1350.00', NULL, NULL, NULL, NULL),
(49, '2016-05-16', 19, 'C6', 1, '1050.00', NULL, NULL, NULL, NULL),
(50, '2016-05-16', 20, 'C6', 1, '950.00', NULL, NULL, NULL, NULL),
(51, '2016-05-16', 21, 'C6', 1, '750.00', NULL, NULL, NULL, NULL),
(52, '2016-05-16', 22, 'C2', 1, '2100.00', NULL, NULL, NULL, NULL),
(53, '2016-05-16', 23, 'C9', 2, '1750.00', NULL, NULL, NULL, NULL),
(54, '2016-05-16', 24, '10', 2, '3750.00', NULL, NULL, NULL, NULL),
(55, '2016-05-16', 25, 'C6', 2, '7800.00', NULL, NULL, NULL, NULL),
(56, '2016-05-16', 26, 'C3', 1, '1400.00', NULL, NULL, NULL, NULL),
(57, '2016-05-16', 27, 'C4', 2, '4150.00', NULL, NULL, NULL, NULL),
(58, '2016-05-16', 28, 'C1', 2, '5900.00', NULL, NULL, NULL, NULL),
(59, '2016-05-16', 29, 'TO1', 1, '650.00', NULL, NULL, NULL, NULL),
(60, '2016-05-16', 30, 'C4', 3, '2350.00', NULL, NULL, NULL, NULL),
(61, '2016-05-17', 1, 'C4', 2, '1700.00', NULL, NULL, NULL, NULL),
(62, '2016-05-17', 2, 'C7', 1, '900.00', NULL, NULL, NULL, NULL),
(63, '2016-05-17', 3, 'C3', 2, '1650.00', NULL, NULL, NULL, NULL),
(64, '2016-05-17', 4, 'C9', 1, '900.00', NULL, NULL, NULL, NULL),
(65, '2016-05-17', 5, 'C5', 2, '1800.00', NULL, NULL, NULL, NULL),
(66, '2016-05-17', 6, 'C1', 1, '800.00', NULL, NULL, NULL, NULL),
(67, '2016-05-17', 7, 'C8', 1, '800.00', NULL, NULL, NULL, NULL),
(68, '2016-05-17', 8, 'C3', 1, '900.00', NULL, NULL, NULL, NULL),
(69, '2016-05-17', 9, 'TO1', 1, '650.00', NULL, NULL, NULL, NULL),
(70, '2016-05-17', 10, 'C1', 1, '1250.00', NULL, NULL, NULL, NULL),
(71, '2016-05-17', 11, 'C4', 1, '1000.00', NULL, NULL, NULL, NULL),
(72, '2016-05-17', 12, 'C7', 1, '850.00', NULL, NULL, NULL, NULL),
(73, '2016-05-17', 13, '14', 2, '4900.00', NULL, NULL, NULL, NULL),
(74, '2016-05-17', 14, '10', 2, '7350.00', NULL, NULL, NULL, NULL),
(75, '2016-05-17', 15, 'TO1', 1, '1350.00', NULL, NULL, NULL, NULL),
(76, '2016-05-17', 16, 'TO1', 1, '650.00', NULL, NULL, NULL, NULL),
(77, '2016-05-17', 17, 'C4', 2, '6750.00', NULL, NULL, NULL, NULL),
(78, '2016-05-17', 18, 'C2', 1, '1400.00', NULL, NULL, NULL, NULL),
(79, '2016-05-17', 19, 'C9', 2, '2800.00', NULL, NULL, NULL, NULL),
(80, '2016-05-17', 20, 'TO1', 1, '1550.00', NULL, NULL, NULL, NULL),
(81, '2016-05-17', 21, 'C6', 2, '5650.00', NULL, NULL, NULL, NULL),
(82, '2016-05-17', 22, 'C3', 1, '950.00', NULL, NULL, NULL, NULL),
(83, '2016-05-17', 23, 'C3', 1, '1300.00', NULL, NULL, NULL, NULL),
(84, '2016-05-17', 24, 'TO1', 1, '800.00', NULL, NULL, NULL, NULL),
(85, '2016-05-17', 25, 'C4', 2, '3400.00', NULL, NULL, NULL, NULL),
(86, '2016-05-18', 1, 'C1', 1, '4100.00', NULL, NULL, NULL, NULL),
(87, '2016-05-18', 2, 'C3', 1, '900.00', NULL, NULL, NULL, NULL),
(88, '2016-05-18', 3, 'C5', 1, '900.00', NULL, NULL, NULL, NULL),
(89, '2016-05-18', 4, '10', 5, '4450.00', NULL, NULL, NULL, NULL),
(90, '2016-05-18', 5, 'C9', 1, '1350.00', NULL, NULL, NULL, NULL),
(91, '2016-05-18', 6, 'C2', 1, '4650.00', NULL, NULL, NULL, NULL),
(92, '2016-05-18', 7, 'C5', 2, '1700.00', NULL, NULL, NULL, NULL),
(93, '2016-05-18', 8, 'C9', 1, '900.00', NULL, NULL, NULL, NULL),
(94, '2016-05-18', 9, 'C4', 1, '850.00', NULL, NULL, NULL, NULL),
(95, '2016-05-18', 10, 'C1', 1, '850.00', NULL, NULL, NULL, NULL),
(96, '2016-05-18', 11, 'C7', 1, '850.00', NULL, NULL, NULL, NULL),
(97, '2016-05-18', 12, 'C5', 1, '950.00', NULL, NULL, NULL, NULL),
(98, '2016-05-18', 13, 'TO1', 1, '1550.00', NULL, NULL, NULL, NULL),
(99, '2016-05-18', 14, '10', 3, '8150.00', NULL, NULL, NULL, NULL),
(100, '2016-05-18', 15, '12', 2, '4450.00', NULL, NULL, NULL, NULL),
(101, '2016-05-18', 16, 'C4', 1, '950.00', NULL, NULL, NULL, NULL),
(102, '2016-05-18', 17, 'C9', 2, '4350.00', NULL, NULL, NULL, NULL),
(103, '2016-05-18', 18, 'C6', 1, '2100.00', NULL, NULL, NULL, NULL),
(104, '2016-05-18', 19, 'TO1', 1, '1500.00', NULL, NULL, NULL, NULL),
(105, '2016-05-18', 20, 'C8', 2, '6100.00', NULL, NULL, NULL, NULL),
(106, '2016-05-18', 21, 'C3', 1, '950.00', NULL, NULL, NULL, NULL),
(110, '2016-05-19', 1, 'C8', 2, '3800.00', NULL, NULL, NULL, NULL),
(111, '2016-05-19', 2, 'C4', 2, '6450.00', NULL, NULL, NULL, NULL),
(112, '2016-05-19', 3, 'C1', 2, '3750.00', NULL, NULL, NULL, NULL),
(113, '2016-05-19', 4, 'TO1', 1, '1300.00', NULL, NULL, NULL, NULL),
(114, '2016-05-19', 5, '10', 5, '8650.00', NULL, NULL, NULL, NULL),
(115, '2016-05-19', 6, 'TO1', 2, '1550.00', NULL, NULL, NULL, NULL),
(116, '2016-05-19', 7, 'TO5', NULL, NULL, NULL, NULL, NULL, NULL),
(117, '2016-05-19', 8, 'TO1', 1, '650.00', NULL, NULL, NULL, NULL),
(118, '2016-05-19', 9, '10', 5, '10950.00', NULL, NULL, NULL, NULL),
(119, '2016-05-19', 10, 'TO1', 1, '2050.00', NULL, NULL, NULL, NULL),
(120, '2016-05-19', 11, 'C8', 1, '900.00', NULL, NULL, NULL, NULL),
(121, '2016-05-19', 12, 'TO5', NULL, NULL, NULL, NULL, NULL, NULL),
(122, '2016-05-19', 13, 'TO1', NULL, NULL, '0.00', NULL, NULL, NULL),
(123, '2016-05-19', 14, 'TO5', NULL, NULL, NULL, NULL, NULL, NULL),
(124, '2016-05-19', 15, 'C4', 2, '5450.00', NULL, NULL, NULL, NULL),
(125, '2016-05-19', 16, 'TO1', NULL, NULL, NULL, NULL, NULL, NULL),
(126, '2016-05-19', 17, 'TO5', 1, '650.00', NULL, NULL, NULL, NULL),
(127, '2016-05-20', 1, 'TO1', 1, '1100.00', NULL, NULL, NULL, NULL),
(128, '2016-05-20', 2, 'TO1', 1, '1300.00', NULL, NULL, NULL, NULL),
(129, '2016-05-20', 3, 'TO1', 1, '800.00', NULL, NULL, NULL, NULL),
(130, '2016-05-20', 4, 'TO1', 1, '1450.00', NULL, NULL, NULL, NULL),
(131, '2016-05-20', 5, 'TO1', 1, '1350.00', NULL, NULL, NULL, NULL),
(132, '2016-05-20', 6, 'C7', 1, '900.00', NULL, NULL, NULL, NULL),
(133, '2016-05-20', 7, '10', 2, '8850.00', NULL, NULL, NULL, NULL),
(134, '2016-05-20', 8, 'C3', 1, '2600.00', NULL, NULL, NULL, NULL),
(135, '2016-05-20', 9, 'C3', 1, '2600.00', NULL, NULL, NULL, NULL),
(136, '2016-05-20', 10, 'C3', 1, '950.00', NULL, NULL, NULL, NULL),
(137, '2016-05-20', 11, 'C6', 2, '3350.00', NULL, NULL, NULL, NULL),
(138, '2016-05-20', 12, 'TO1', 1, NULL, NULL, NULL, NULL, NULL),
(139, '2016-05-20', 13, 'TO1', 1, '650.00', NULL, NULL, NULL, NULL),
(140, '2016-05-20', 14, 'C5', 1, '950.00', NULL, NULL, NULL, NULL),
(141, '2016-05-20', 15, '12', 3, '3600.00', NULL, NULL, NULL, NULL),
(142, '2016-05-20', 16, 'C8', 1, '950.00', NULL, NULL, NULL, NULL),
(143, '2016-05-20', 17, 'C3', 1, '2050.00', NULL, NULL, NULL, NULL),
(144, '2016-05-20', 18, 'C1', 1, '1950.00', NULL, NULL, NULL, NULL),
(145, '2016-05-20', 19, 'C6', 1, '1550.00', NULL, NULL, NULL, NULL),
(146, '2016-05-20', 20, 'C9', 1, '1100.00', NULL, NULL, NULL, NULL),
(147, '2016-05-20', 21, 'C4', 1, '1400.00', NULL, NULL, NULL, NULL),
(148, '2016-05-20', 22, 'TO2', 1, '800.00', NULL, NULL, NULL, NULL),
(149, '2016-05-20', 23, 'TO2', 1, '650.00', NULL, NULL, NULL, NULL),
(150, '2016-05-21', 1, 'C9', 2, '4300.00', NULL, NULL, NULL, NULL),
(151, '2016-05-21', 2, '10', 2, '2700.00', NULL, NULL, NULL, NULL),
(152, '2016-05-21', 3, 'C6', 1, '900.00', NULL, NULL, NULL, NULL),
(153, '2016-05-21', 4, 'C4', 1, '800.00', NULL, NULL, NULL, NULL),
(154, '2016-05-21', 5, 'C1', 1, '800.00', NULL, NULL, NULL, NULL),
(155, '2016-05-21', 6, 'TO1', 1, '1500.00', NULL, NULL, NULL, NULL),
(156, '2016-05-21', 7, 'C3', 1, '2300.00', NULL, NULL, NULL, NULL),
(157, '2016-05-21', 8, 'C6', 1, '1750.00', NULL, NULL, NULL, NULL),
(158, '2016-05-21', 9, 'C9', 2, '2200.00', NULL, NULL, NULL, NULL),
(159, '2016-05-21', 10, 'TO1', 1, '1150.00', NULL, NULL, NULL, NULL),
(160, '2016-05-21', 11, 'C3', 1, '850.00', NULL, NULL, NULL, NULL),
(161, '2016-05-21', 12, 'C7', 2, '1750.00', NULL, NULL, NULL, NULL),
(162, '2016-05-21', 13, 'C4', 1, '900.00', NULL, NULL, NULL, NULL),
(163, '2016-05-21', 14, 'C9', 2, '1650.00', NULL, NULL, NULL, NULL),
(164, '2016-05-21', 15, 'C6', 1, '2600.00', NULL, NULL, NULL, NULL),
(165, '2016-05-21', 16, 'C1', 1, '850.00', NULL, NULL, NULL, NULL),
(166, '2016-05-21', 17, '10', 1, '3250.00', NULL, NULL, NULL, NULL),
(167, '2016-05-21', 18, 'TO1', 1, '1300.00', NULL, NULL, NULL, NULL),
(168, '2016-05-21', 19, 'TO1', 1, '650.00', NULL, NULL, NULL, NULL),
(169, '2016-05-21', 20, 'TO1', 1, '1300.00', NULL, NULL, NULL, NULL),
(170, '2016-05-21', 21, 'TO1', 1, '1400.00', NULL, NULL, NULL, NULL),
(171, '2016-05-21', 22, 'TO1', 1, '2150.00', NULL, NULL, NULL, NULL),
(172, '2016-05-21', 23, 'C9', 2, '2650.00', NULL, NULL, NULL, NULL),
(173, '2016-05-21', 24, 'C3', 2, '2650.00', NULL, NULL, NULL, NULL),
(174, '2016-05-21', 25, 'TO1', 1, '2100.00', NULL, NULL, NULL, NULL),
(175, '2016-05-21', 26, 'C3', 1, '850.00', NULL, NULL, NULL, NULL),
(176, '2016-05-21', 27, 'TO1', 2, '1350.00', NULL, NULL, NULL, NULL),
(177, '2016-05-21', 28, 'C8', 2, '6850.00', NULL, NULL, NULL, NULL),
(178, '2016-05-21', 29, 'C6', 1, '1350.00', NULL, NULL, NULL, NULL),
(179, '2016-05-21', 30, '10', 2, '5650.00', NULL, NULL, NULL, NULL),
(180, '2016-05-21', 31, '14', 1, '3650.00', NULL, NULL, NULL, NULL),
(181, '2016-05-21', 32, 'TO1', 1, '1500.00', NULL, NULL, NULL, NULL),
(182, '2016-05-21', 33, 'TO1', 1, '3400.00', NULL, NULL, NULL, NULL),
(183, '2016-05-21', 34, 'C6', 1, '1400.00', NULL, NULL, NULL, NULL),
(184, '2016-05-21', 35, 'TO1', 1, '2000.00', NULL, NULL, NULL, NULL),
(185, '2016-05-21', 36, 'C9', 1, '1900.00', NULL, NULL, NULL, NULL),
(186, '2016-05-21', 37, 'TO1', 1, '800.00', NULL, NULL, NULL, NULL),
(187, '2016-05-22', 1, 'C1', 2, '1600.00', NULL, NULL, NULL, NULL),
(188, '2016-05-22', 2, '15', 2, '1950.00', NULL, NULL, NULL, NULL),
(189, '2016-05-22', 3, 'C3', 1, '850.00', NULL, NULL, NULL, NULL),
(190, '2016-05-22', 4, 'C9', 3, '4050.00', NULL, NULL, NULL, NULL),
(191, '2016-05-22', 5, 'C9', 2, '1850.00', NULL, NULL, NULL, NULL),
(192, '2016-05-22', 6, '10', 2, '3200.00', NULL, NULL, NULL, NULL),
(193, '2016-05-22', 7, '13', 2, '1850.00', NULL, NULL, NULL, NULL),
(194, '2016-05-22', 8, 'C1', 1, '800.00', NULL, NULL, NULL, NULL),
(195, '2016-05-22', 9, 'C7', 1, '850.00', NULL, NULL, NULL, NULL),
(196, '2016-05-22', 10, 'C5', 1, '900.00', NULL, NULL, NULL, NULL),
(197, '2016-05-22', 11, 'C3', 1, '2300.00', NULL, NULL, NULL, NULL),
(198, '2016-05-22', 12, 'C9', 2, '1950.00', NULL, NULL, NULL, NULL),
(199, '2016-05-22', 13, 'C7', 2, '2250.00', NULL, NULL, NULL, NULL),
(200, '2016-05-22', 14, 'C3', 2, '2700.00', NULL, NULL, NULL, NULL),
(201, '2016-05-22', 15, 'C4', 1, '1250.00', NULL, NULL, NULL, NULL),
(202, '2016-05-22', 16, 'C8', 1, '1400.00', NULL, NULL, NULL, NULL),
(203, '2016-05-22', 17, '14', 2, '1800.00', NULL, NULL, NULL, NULL),
(204, '2016-05-22', 18, 'C1', 1, '1200.00', NULL, NULL, NULL, NULL),
(205, '2016-05-22', 19, 'C3', 1, '900.00', NULL, NULL, NULL, NULL),
(206, '2016-05-22', 20, 'C6', 2, '1750.00', NULL, NULL, NULL, NULL),
(207, '2016-05-22', 21, 'TO1', 1, '2250.00', NULL, NULL, NULL, NULL),
(208, '2016-05-22', 22, 'C9', 3, '8600.00', NULL, NULL, NULL, NULL),
(209, '2016-05-22', 23, 'C1', 2, '5450.00', NULL, NULL, NULL, NULL),
(210, '2016-05-22', 24, '12', 2, '2650.00', NULL, NULL, NULL, NULL),
(211, '2016-05-22', 25, '10', 3, '9750.00', NULL, NULL, NULL, NULL),
(212, '2016-05-22', 26, 'TO1', 1, '1550.00', NULL, NULL, NULL, NULL),
(213, '2016-05-22', 27, 'C5', 1, '1500.00', NULL, NULL, NULL, NULL),
(214, '2016-05-22', 28, 'C9', 1, '1350.00', NULL, NULL, NULL, NULL),
(215, '2016-05-22', 29, '12', 2, '6400.00', NULL, NULL, NULL, NULL),
(216, '2016-05-22', 30, 'TO1', 1, '800.00', NULL, NULL, NULL, NULL),
(217, '2016-05-22', 31, 'C7', 1, '4950.00', NULL, NULL, NULL, NULL),
(218, '2016-05-22', 32, 'TO1', 1, '1500.00', NULL, NULL, NULL, NULL),
(219, '2016-05-22', 33, 'C1', 2, '5200.00', NULL, NULL, NULL, NULL),
(220, '2016-05-22', 34, '15', 4, '10350.00', NULL, NULL, NULL, NULL),
(221, '2016-05-22', 35, 'C9', 2, '3050.00', NULL, NULL, NULL, NULL),
(222, '2016-05-22', 36, 'C3', 2, '3150.00', NULL, NULL, NULL, NULL),
(223, '2016-05-23', 1, 'TO1', 1, '950.00', NULL, NULL, NULL, NULL),
(224, '2016-05-23', 2, 'TO1', 1, '-200.00', NULL, NULL, NULL, NULL),
(225, '2016-05-23', 3, 'TO1', 1, '2350.00', NULL, NULL, NULL, NULL),
(226, '2016-05-23', 4, 'C9', 2, '1800.00', NULL, NULL, NULL, NULL),
(227, '2016-05-23', 5, 'C2', 1, '800.00', NULL, NULL, NULL, NULL),
(228, '2016-05-23', 6, 'C6', 1, '800.00', NULL, NULL, NULL, NULL),
(229, '2016-05-23', 7, 'C3', 2, '1700.00', NULL, NULL, NULL, NULL),
(230, '2016-05-23', 8, 'TO1', 1, '800.00', NULL, NULL, NULL, NULL),
(231, '2016-05-23', 9, 'C9', 1, '1650.00', NULL, NULL, NULL, NULL),
(232, '2016-05-23', 10, 'TO1', 1, '750.00', NULL, NULL, NULL, NULL),
(233, '2016-05-23', 11, '10', 4, '6300.00', NULL, NULL, NULL, NULL),
(234, '2016-05-23', 12, 'TO1', 1, '1350.00', NULL, NULL, NULL, NULL),
(235, '2016-05-23', 13, 'C3', 2, '1650.00', NULL, NULL, NULL, NULL),
(236, '2016-05-23', 14, 'TO1', 1, '650.00', NULL, NULL, NULL, NULL),
(237, '2016-05-23', 15, 'C9', 2, '1350.00', NULL, NULL, NULL, NULL),
(238, '2016-05-23', 16, 'C1', 2, '1700.00', NULL, NULL, NULL, NULL),
(239, '2016-05-23', 17, 'C6', 1, '1350.00', NULL, NULL, NULL, NULL),
(240, '2016-05-23', 18, 'C8', 1, '900.00', NULL, NULL, NULL, NULL),
(241, '2016-05-23', 19, 'C6', 1, '950.00', NULL, NULL, NULL, NULL),
(242, '2016-05-23', 20, 'C9', 2, '5500.00', NULL, NULL, NULL, NULL),
(243, '2016-05-23', 21, 'C2', 2, '4700.00', NULL, NULL, NULL, NULL),
(244, '2016-05-23', 22, 'C6', 1, '1500.00', NULL, NULL, NULL, NULL),
(245, '2016-05-23', 23, 'C6', 1, '1500.00', NULL, NULL, NULL, NULL),
(246, '2016-05-23', 24, 'TO1', 1, '700.00', NULL, NULL, NULL, NULL),
(247, '2016-05-23', 25, 'TO1', 1, '1650.00', NULL, NULL, NULL, NULL),
(248, '2016-05-23', 26, 'TO1', 1, '1650.00', NULL, NULL, NULL, NULL),
(249, '2016-05-23', 27, 'C5', 2, '3450.00', NULL, NULL, NULL, NULL),
(250, '2016-05-24', 1, 'C9', 2, '1700.00', NULL, NULL, NULL, NULL),
(251, '2016-05-24', 2, 'C9', 2, '1700.00', NULL, NULL, NULL, NULL),
(252, '2016-05-24', 3, 'C4', 1, '800.00', NULL, NULL, NULL, NULL),
(253, '2016-05-24', 4, '10', 3, '2700.00', NULL, NULL, NULL, NULL),
(254, '2016-05-24', 5, 'C3', 1, '1500.00', NULL, NULL, NULL, NULL),
(255, '2016-05-24', 6, 'TO1', 1, '1350.00', NULL, NULL, NULL, NULL),
(256, '2016-05-24', 7, 'C1', 3, '2550.00', NULL, NULL, NULL, NULL),
(257, '2016-05-24', 8, 'C7', 1, '800.00', NULL, NULL, NULL, NULL),
(258, '2016-05-24', 9, 'C5', 1, '800.00', NULL, NULL, NULL, NULL),
(259, '2016-05-24', 10, 'C4', 1, '950.00', NULL, NULL, NULL, NULL),
(260, '2016-05-24', 11, 'C9', 2, '2000.00', NULL, NULL, NULL, NULL),
(261, '2016-05-24', 12, 'C6', 1, '850.00', NULL, NULL, NULL, NULL),
(262, '2016-05-24', 13, '16', 1, '900.00', NULL, NULL, NULL, NULL),
(263, '2016-05-24', 14, '12', 2, '1650.00', NULL, NULL, NULL, NULL),
(264, '2016-05-24', 15, 'C7', 1, '1000.00', NULL, NULL, NULL, NULL),
(265, '2016-05-24', 16, 'C4', 1, '950.00', NULL, NULL, NULL, NULL),
(266, '2016-05-24', 17, 'C2', 1, '900.00', NULL, NULL, NULL, NULL),
(267, '2016-05-24', 18, 'C8', 2, '1350.00', NULL, NULL, NULL, NULL),
(268, '2016-05-24', 19, 'TO1', 1, '750.00', NULL, NULL, NULL, NULL),
(269, '2016-05-24', 20, 'TO1', 1, '2050.00', NULL, NULL, NULL, NULL),
(270, '2016-05-24', 21, 'TO1', 1, '650.00', NULL, NULL, NULL, NULL),
(271, '2016-05-24', 22, 'C4', 2, '3650.00', NULL, NULL, NULL, NULL),
(272, '2016-05-24', 23, 'C8', 2, '3650.00', NULL, NULL, NULL, NULL),
(273, '2016-05-24', 24, 'C1', 2, '6150.00', NULL, NULL, NULL, NULL),
(274, '2016-05-24', 25, 'C9', 2, '2600.00', NULL, NULL, NULL, NULL),
(275, '2016-05-24', 26, 'C5', 2, '4750.00', NULL, NULL, NULL, NULL),
(276, '2016-05-24', 27, 'C4', 1, '3350.00', NULL, NULL, NULL, NULL),
(277, '2016-05-24', 28, 'TO1', 1, '750.00', NULL, NULL, NULL, NULL),
(278, '2016-05-24', 29, 'TO1', 1, '750.00', NULL, NULL, NULL, NULL),
(279, '2016-05-24', 30, 'TO1', 1, '750.00', NULL, NULL, NULL, NULL),
(280, '2016-05-24', 31, '12', 3, '3100.00', NULL, NULL, NULL, NULL),
(281, '2016-05-24', 32, 'TO1', 1, '2900.00', NULL, NULL, NULL, NULL),
(282, '2016-05-25', 1, 'C1', 1, '1100.00', NULL, NULL, NULL, NULL),
(283, '2016-05-25', 2, 'C4', 1, '950.00', NULL, NULL, NULL, NULL),
(284, '2016-05-25', 3, '10', 8, '7250.00', NULL, NULL, NULL, NULL),
(285, '2016-05-25', 4, 'C7', 1, '1100.00', NULL, NULL, NULL, NULL),
(286, '2016-05-25', 5, 'C1', 1, '850.00', NULL, NULL, NULL, NULL),
(287, '2016-05-25', 6, 'C5', 1, '1050.00', NULL, NULL, NULL, NULL),
(288, '2016-05-25', 7, 'C3', 1, '900.00', NULL, NULL, NULL, NULL),
(289, '2016-05-25', 8, 'C9', 1, '900.00', NULL, NULL, NULL, NULL),
(290, '2016-05-25', 9, 'C7', 1, '900.00', NULL, NULL, NULL, NULL),
(291, '2016-05-25', 10, 'C2', 1, '850.00', NULL, NULL, NULL, NULL),
(292, '2016-05-25', 11, 'C5', 1, '950.00', NULL, NULL, NULL, NULL),
(293, '2016-05-25', 12, 'TO1', 1, '800.00', NULL, NULL, NULL, NULL),
(294, '2016-05-25', 13, 'C3', 1, '950.00', NULL, NULL, NULL, NULL),
(295, '2016-05-25', 14, 'C3', 1, '900.00', NULL, NULL, NULL, NULL),
(296, '2016-05-25', 15, 'C8', 1, '1900.00', NULL, NULL, NULL, NULL),
(297, '2016-05-25', 16, 'C2', 1, '1050.00', NULL, NULL, NULL, NULL),
(298, '2016-05-25', 17, 'C6', 1, '1350.00', NULL, NULL, NULL, NULL),
(299, '2016-05-25', 18, 'TO1', 1, '2200.00', NULL, NULL, NULL, NULL),
(300, '2016-05-25', 19, 'C5', 2, '3050.00', NULL, NULL, NULL, NULL),
(301, '2016-05-25', 20, 'TO1', 1, '1650.00', NULL, NULL, NULL, NULL),
(302, '2016-05-25', 21, 'C4', 1, '1600.00', NULL, NULL, NULL, NULL),
(303, '2016-05-25', 22, 'TO1', 1, '1450.00', NULL, NULL, NULL, NULL),
(304, '2016-05-25', 23, 'C8', 2, '2850.00', NULL, NULL, NULL, NULL),
(305, '2016-05-25', 24, 'C4', 2, '5150.00', NULL, NULL, NULL, NULL),
(306, '2016-05-25', 25, 'TO1', 1, NULL, NULL, NULL, NULL, NULL),
(307, '2016-05-25', 26, 'TO1', 1, '750.00', NULL, NULL, NULL, NULL),
(308, '2016-05-25', 27, 'TO1', 1, '650.00', NULL, NULL, NULL, NULL),
(309, '2016-05-25', 28, 'C4', 1, '2850.00', NULL, NULL, NULL, NULL),
(310, '2016-05-25', 29, 'C6', 2, '4650.00', NULL, NULL, NULL, NULL),
(311, '2016-05-25', 30, 'C2', 1, '2150.00', NULL, NULL, NULL, NULL),
(312, '2016-05-25', 31, 'C4', 1, '900.00', NULL, NULL, NULL, NULL),
(313, '2016-05-26', 1, 'C5', 1, '900.00', NULL, NULL, NULL, NULL),
(314, '2016-05-26', 2, 'C1', 2, '1700.00', NULL, NULL, NULL, NULL),
(315, '2016-05-26', 3, 'C5', 2, '1750.00', NULL, NULL, NULL, NULL),
(316, '2016-05-26', 4, 'C3', 1, '800.00', NULL, NULL, NULL, NULL),
(317, '2016-05-26', 5, '10', 3, '2650.00', NULL, NULL, NULL, NULL),
(318, '2016-05-26', 6, 'C3', 1, '850.00', NULL, NULL, NULL, NULL),
(319, '2016-05-26', 7, 'C5', 1, '450.00', NULL, NULL, NULL, NULL),
(320, '2016-05-26', 8, 'TO1', 1, '800.00', NULL, NULL, NULL, NULL),
(321, '2016-05-26', 9, 'C7', 1, '850.00', NULL, NULL, NULL, NULL),
(322, '2016-05-26', 10, 'C2', 1, '800.00', NULL, NULL, NULL, NULL),
(323, '2016-05-26', 11, 'C4', 2, '3350.00', NULL, NULL, NULL, NULL),
(324, '2016-05-26', 12, 'TO1', 1, '700.00', NULL, NULL, NULL, NULL),
(325, '2016-05-26', 13, 'C3', 1, '800.00', NULL, NULL, NULL, NULL),
(326, '2016-05-26', 14, 'C1', 1, '1650.00', NULL, NULL, NULL, NULL),
(327, '2016-05-26', 15, 'C2', 1, '3800.00', NULL, NULL, NULL, NULL),
(328, '2016-05-26', 16, 'TO1', 1, '0.00', NULL, NULL, NULL, NULL),
(329, '2016-05-26', 17, '10', 2, '6950.00', NULL, NULL, NULL, NULL),
(330, '2016-05-26', 18, 'C1', 2, '900.00', NULL, NULL, NULL, NULL),
(331, '2016-05-26', 19, '11', 2, '2700.00', NULL, NULL, NULL, NULL),
(332, '2016-05-26', 20, 'TO2', 1, '800.00', NULL, NULL, NULL, NULL),
(333, '2016-05-26', 21, 'TO2', 1, '650.00', NULL, NULL, NULL, NULL),
(334, '2016-05-26', 22, 'TO2', 1, '1400.00', NULL, NULL, NULL, NULL),
(335, '2016-05-26', 23, 'TO2', 1, '2550.00', NULL, NULL, NULL, NULL),
(336, '2016-05-27', 1, 'C4', 1, '1000.00', NULL, NULL, NULL, NULL),
(337, '2016-05-27', 2, 'TO2', 1, '800.00', NULL, NULL, NULL, NULL),
(338, '2016-05-27', 3, 'C8', 1, '850.00', NULL, NULL, NULL, NULL),
(339, '2016-05-27', 4, 'C1', 1, '950.00', NULL, NULL, NULL, NULL),
(340, '2016-05-27', 5, 'C4', 1, '900.00', NULL, NULL, NULL, NULL),
(341, '2016-05-27', 6, 'C9', 2, '1700.00', NULL, NULL, NULL, NULL),
(342, '2016-05-27', 7, 'C5', 2, '1850.00', NULL, NULL, NULL, NULL),
(343, '2016-05-27', 8, 'C2', 1, '1450.00', NULL, NULL, NULL, NULL),
(344, '2016-05-27', 9, 'TO2', 1, '650.00', NULL, NULL, NULL, NULL),
(345, '2016-05-27', 10, 'C4', 1, '1700.00', NULL, NULL, NULL, NULL),
(346, '2016-05-27', 11, 'C9', 1, '950.00', NULL, NULL, NULL, NULL),
(347, '2016-05-27', 12, 'C9', 1, '2800.00', NULL, NULL, NULL, NULL),
(348, '2016-05-27', 13, 'TO2', 1, '2000.00', NULL, NULL, NULL, NULL),
(349, '2016-05-27', 14, 'C6', 1, '1400.00', NULL, NULL, NULL, NULL),
(350, '2016-05-28', 1, 'C5', 1, '850.00', NULL, NULL, NULL, NULL),
(351, '2016-05-28', 2, 'TO2', 1, '800.00', NULL, NULL, NULL, NULL),
(352, '2016-05-28', 3, 'TO2', 1, '1550.00', NULL, NULL, NULL, NULL),
(353, '2016-05-28', 4, 'TO1', 1, '1400.00', NULL, NULL, NULL, NULL),
(354, '2016-05-28', 5, 'C9', 1, '900.00', NULL, NULL, NULL, NULL),
(355, '2016-05-28', 6, 'C5', 1, '900.00', NULL, NULL, NULL, NULL),
(356, '2016-05-28', 7, 'C8', 2, '2750.00', NULL, NULL, NULL, NULL),
(357, '2016-05-28', 8, 'TO1', 1, '1550.00', NULL, NULL, NULL, NULL),
(358, '2016-05-28', 9, 'C5', 2, '2050.00', NULL, NULL, NULL, NULL),
(359, '2016-05-28', 10, 'C1', 1, '1750.00', NULL, NULL, NULL, NULL),
(360, '2016-05-28', 11, 'C4', 1, '850.00', NULL, NULL, NULL, NULL),
(361, '2016-05-28', 12, 'TO1', 1, '1400.00', NULL, NULL, NULL, NULL),
(362, '2016-05-28', 13, 'C8', 2, '1750.00', NULL, NULL, NULL, NULL),
(363, '2016-05-28', 14, 'C8', 2, '2250.00', NULL, NULL, NULL, NULL),
(364, '2016-05-28', 15, 'C5', 1, '800.00', NULL, NULL, NULL, NULL),
(365, '2016-05-28', 16, 'C3', 1, '900.00', NULL, NULL, NULL, NULL),
(366, '2016-05-28', 17, 'C4', 2, '2850.00', NULL, NULL, NULL, NULL),
(367, '2016-05-28', 18, 'TO1', 2, '1750.00', NULL, NULL, NULL, NULL),
(368, '2016-05-28', 19, 'TO1', 1, '700.00', NULL, NULL, NULL, NULL),
(369, '2016-05-28', 20, 'C8', 2, '3000.00', NULL, NULL, NULL, NULL),
(370, '2016-05-28', 21, 'C5', 1, '2200.00', NULL, NULL, NULL, NULL),
(371, '2016-05-28', 22, '10', 2, '5800.00', NULL, NULL, NULL, NULL),
(372, '2016-05-28', 23, 'C1', 2, '3950.00', NULL, NULL, NULL, NULL),
(373, '2016-05-28', 24, 'TO2', 1, '800.00', NULL, NULL, NULL, NULL),
(374, '2016-05-28', 25, 'TO1', 1, '1800.00', NULL, NULL, NULL, NULL),
(375, '2016-05-28', 26, 'C9', 2, '5750.00', NULL, NULL, NULL, NULL),
(376, '2016-05-28', 27, 'C4', 2, '3250.00', NULL, NULL, NULL, NULL),
(377, '2016-05-28', 28, 'C9', 2, '2400.00', NULL, NULL, NULL, NULL),
(378, '2016-05-28', 29, '15', 2, '1200.00', NULL, NULL, NULL, NULL),
(379, '2016-05-28', 30, '15', 2, '4000.00', NULL, NULL, NULL, NULL),
(380, '2016-05-28', 31, 'C5', 1, '2050.00', NULL, NULL, NULL, NULL),
(381, '2016-05-28', 32, 'C1', 1, '850.00', NULL, NULL, NULL, NULL),
(382, '2016-05-28', 33, 'C1', 1, '850.00', NULL, NULL, NULL, NULL),
(383, '2016-05-29', 1, 'C7', 1, '1800.00', NULL, NULL, NULL, NULL),
(384, '2016-05-29', 2, 'C4', 3, '2750.00', NULL, NULL, NULL, NULL),
(385, '2016-05-29', 3, 'TO1', 1, '900.00', NULL, NULL, NULL, NULL),
(386, '2016-05-29', 4, 'C7', 1, '850.00', NULL, NULL, NULL, NULL),
(387, '2016-05-29', 5, 'C8', 2, '1700.00', NULL, NULL, NULL, NULL),
(388, '2016-05-29', 6, 'TO2', 1, '2200.00', NULL, NULL, NULL, NULL),
(389, '2016-05-29', 7, 'C2', 1, '800.00', NULL, NULL, NULL, NULL),
(390, '2016-05-29', 8, '10', 2, '1600.00', NULL, NULL, NULL, NULL),
(391, '2016-05-29', 9, 'TO1', 1, '1550.00', NULL, NULL, NULL, NULL),
(392, '2016-05-29', 10, '12', 2, '1800.00', NULL, NULL, NULL, NULL),
(393, '2016-05-29', 11, 'C9', 1, '1100.00', NULL, NULL, NULL, NULL),
(394, '2016-05-29', 12, 'C4', 1, '900.00', NULL, NULL, NULL, NULL),
(395, '2016-05-29', 13, 'C2', 1, '900.00', NULL, NULL, NULL, NULL),
(396, '2016-05-29', 14, 'C5', 2, '1750.00', NULL, NULL, NULL, NULL),
(397, '2016-05-29', 15, 'C7', 2, '1800.00', NULL, NULL, NULL, NULL),
(398, '2016-05-29', 16, 'C2', 2, '1800.00', NULL, NULL, NULL, NULL),
(399, '2016-05-29', 17, 'C9', 1, '1000.00', NULL, NULL, NULL, NULL),
(400, '2016-05-29', 18, '10', 4, '15850.00', NULL, NULL, NULL, NULL),
(401, '2016-05-29', 19, 'C2', 1, '950.00', NULL, NULL, NULL, NULL),
(402, '2016-05-29', 20, 'C9', 1, '2200.00', NULL, NULL, NULL, NULL),
(403, '2016-05-29', 21, 'C2', 1, '900.00', NULL, NULL, NULL, NULL),
(404, '2016-05-29', 22, 'TO1', 1, '2100.00', NULL, NULL, NULL, NULL),
(405, '2016-05-29', 23, 'TO1', 1, '800.00', NULL, NULL, NULL, NULL),
(406, '2016-05-29', 24, 'C5', 2, '2400.00', NULL, NULL, NULL, NULL),
(407, '2016-05-29', 25, 'C8', 2, '6400.00', NULL, NULL, NULL, NULL),
(408, '2016-05-29', 26, 'C3', 2, '6750.00', NULL, NULL, NULL, NULL),
(409, '2016-05-29', 27, 'TO1', 1, '650.00', NULL, NULL, NULL, NULL),
(410, '2016-05-29', 28, 'C2', 1, '2300.00', NULL, NULL, NULL, NULL),
(411, '2016-05-29', 29, '12', 2, '7350.00', NULL, NULL, NULL, NULL),
(412, '2016-05-29', 30, 'C6', 1, '0.00', NULL, NULL, NULL, NULL),
(413, '2016-05-29', 31, 'C7', 2, '4350.00', NULL, NULL, NULL, NULL),
(414, '2016-05-29', 32, 'TO1', 1, '900.00', NULL, NULL, NULL, NULL),
(415, '2016-05-29', 33, 'C9', 2, '4850.00', NULL, NULL, NULL, NULL),
(416, '2016-05-29', 34, 'C3', 2, '3800.00', NULL, NULL, NULL, NULL),
(417, '2016-05-29', 35, '10', 4, '5500.00', NULL, NULL, NULL, NULL),
(418, '2016-05-29', 36, 'C9', 2, '4450.00', NULL, NULL, NULL, NULL),
(419, '2016-05-29', 37, 'C5', 2, '2500.00', NULL, NULL, NULL, NULL),
(420, '2016-05-30', 1, 'C9', 2, '1750.00', NULL, NULL, NULL, NULL),
(421, '2016-05-30', 2, 'C2', 2, '1800.00', NULL, NULL, NULL, NULL),
(422, '2016-05-30', 3, 'C6', 1, '900.00', NULL, NULL, NULL, NULL),
(423, '2016-05-30', 4, 'TO1', 1, '750.00', NULL, NULL, NULL, NULL),
(424, '2016-05-30', 5, 'C6', 1, '1300.00', NULL, NULL, NULL, NULL),
(425, '2016-05-30', 6, 'C3', 1, '800.00', NULL, NULL, NULL, NULL),
(426, '2016-05-30', 7, '10', 2, '1700.00', NULL, NULL, NULL, NULL),
(427, '2016-05-30', 8, 'C3', 1, '1150.00', NULL, NULL, NULL, NULL),
(428, '2016-05-30', 9, 'C6', 1, '900.00', NULL, NULL, NULL, NULL),
(429, '2016-05-30', 10, 'C9', 1, '1200.00', NULL, NULL, NULL, NULL),
(430, '2016-05-30', 11, 'C6', 1, '1100.00', NULL, NULL, NULL, NULL),
(431, '2016-05-30', 12, '10', 1, '1700.00', NULL, NULL, NULL, NULL),
(432, '2016-05-30', 13, 'TO1', 1, '650.00', NULL, NULL, NULL, NULL),
(433, '2016-05-30', 14, 'C2', 1, '2350.00', NULL, NULL, NULL, NULL),
(434, '2016-05-30', 15, 'C9', 1, '2300.00', NULL, NULL, NULL, NULL),
(435, '2016-05-30', 16, 'C4', 2, '1900.00', NULL, NULL, NULL, NULL),
(436, '2016-05-30', 17, 'TO1', 1, '650.00', NULL, NULL, NULL, NULL),
(437, '2016-05-30', 18, 'TO1', 1, '700.00', NULL, NULL, NULL, NULL),
(438, '2016-05-30', 19, 'C4', 1, '1900.00', NULL, NULL, NULL, NULL),
(439, '2016-05-30', 20, 'C2', 1, '1900.00', NULL, NULL, NULL, NULL),
(440, '2016-05-30', 21, '10', 3, '8750.00', NULL, NULL, NULL, NULL),
(441, '2016-05-31', 1, 'C8', 1, '850.00', NULL, NULL, NULL, NULL),
(442, '2016-05-31', 2, 'C9', 2, '1750.00', NULL, NULL, NULL, NULL),
(443, '2016-05-31', 3, 'C5', 1, '1900.00', NULL, NULL, NULL, NULL),
(444, '2016-05-31', 4, 'C9', 1, '850.00', NULL, NULL, NULL, NULL),
(445, '2016-05-31', 5, 'C8', 1, '850.00', NULL, NULL, NULL, NULL),
(446, '2016-05-31', 6, 'C7', 1, '900.00', NULL, NULL, NULL, NULL),
(447, '2016-05-31', 7, 'TO1', 1, '900.00', NULL, NULL, NULL, NULL),
(448, '2016-05-31', 8, 'TO1', 1, '700.00', NULL, NULL, NULL, NULL),
(449, '2016-05-31', 9, 'C4', 2, '1650.00', NULL, NULL, NULL, NULL),
(450, '2016-05-31', 10, 'C4', 1, '1000.00', NULL, NULL, NULL, NULL),
(451, '2016-05-31', 11, 'C2', 2, '6900.00', NULL, NULL, NULL, NULL),
(452, '2016-05-31', 12, '12', 3, '8350.00', NULL, NULL, NULL, NULL),
(453, '2016-05-31', 13, 'C7', 1, '1200.00', NULL, NULL, NULL, NULL),
(454, '2016-05-31', 14, 'C5', 1, '950.00', NULL, NULL, NULL, NULL),
(455, '2016-05-31', 15, 'C9', 1, '1750.00', NULL, NULL, NULL, NULL),
(456, '2016-05-31', 16, 'TO1', 1, '750.00', NULL, NULL, NULL, NULL),
(457, '2016-05-31', 17, 'C9', 3, '7600.00', NULL, NULL, NULL, NULL),
(458, '2016-05-31', 18, 'C1', 2, '6250.00', NULL, NULL, NULL, NULL),
(459, '2016-05-31', 19, 'C5', 2, '4000.00', NULL, NULL, NULL, NULL),
(460, '2016-05-31', 20, 'C4', 1, '1500.00', NULL, NULL, NULL, NULL),
(461, '2016-05-31', 21, 'C5', 2, '6200.00', NULL, NULL, NULL, NULL),
(462, '2016-05-31', 22, 'C8', 2, '5450.00', NULL, NULL, NULL, NULL),
(463, '2016-05-31', 23, 'C4', 1, '1700.00', NULL, NULL, NULL, NULL),
(464, '2016-05-31', 24, 'C2', 1, '2750.00', NULL, NULL, NULL, NULL),
(465, '2016-05-31', 25, 'C2', 1, '5950.00', NULL, NULL, NULL, NULL),
(466, '2016-06-01', 1, 'TO1', 1, '800.00', NULL, NULL, NULL, NULL),
(467, '2016-06-01', 2, 'TO1', 1, '750.00', NULL, NULL, NULL, NULL),
(468, '2016-06-01', 3, 'C6', 1, '900.00', NULL, NULL, NULL, NULL),
(469, '2016-06-01', 4, '10', 6, '5150.00', NULL, NULL, NULL, NULL),
(470, '2016-06-01', 5, 'C2', 1, '900.00', NULL, NULL, NULL, NULL),
(471, '2016-06-01', 6, 'C4', 1, '850.00', NULL, NULL, NULL, NULL),
(472, '2016-06-01', 7, 'C6', 1, '850.00', NULL, NULL, NULL, NULL),
(473, '2016-06-01', 8, 'C6', 1, '850.00', NULL, NULL, NULL, NULL),
(474, '2016-06-01', 9, 'C3', 1, '800.00', NULL, NULL, NULL, NULL),
(475, '2016-06-01', 10, 'C9', 1, '1750.00', NULL, NULL, NULL, NULL),
(476, '2016-06-01', 11, 'TO1', 1, '650.00', NULL, NULL, NULL, NULL),
(477, '2016-06-01', 12, 'C3', 1, '900.00', NULL, NULL, NULL, NULL),
(478, '2016-06-01', 13, 'TO1', 1, '2150.00', NULL, NULL, NULL, NULL),
(479, '2016-06-01', 14, 'C6', 1, '800.00', NULL, NULL, NULL, NULL),
(480, '2016-06-01', 15, 'C2', 1, '800.00', NULL, NULL, NULL, NULL),
(481, '2016-06-01', 16, 'C4', 1, '850.00', NULL, NULL, NULL, NULL),
(482, '2016-06-01', 17, 'TO1', 1, '1700.00', NULL, NULL, NULL, NULL),
(483, '2016-06-01', 18, 'TO1', 1, '1500.00', NULL, NULL, NULL, NULL),
(484, '2016-06-01', 19, 'C5', 1, '950.00', NULL, NULL, NULL, NULL),
(485, '2016-06-01', 20, 'C9', 2, '6300.00', NULL, NULL, NULL, NULL),
(486, '2016-06-01', 21, 'TO1', 1, '800.00', NULL, NULL, NULL, NULL),
(487, '2016-06-01', 22, '20', 2, '3700.00', NULL, NULL, NULL, NULL),
(488, '2016-06-01', 23, 'TO1', 1, '800.00', NULL, NULL, NULL, NULL),
(489, '2016-06-01', 24, 'C2', 1, '1300.00', NULL, NULL, NULL, NULL),
(490, '2016-06-01', 25, '10', 3, '7350.00', NULL, NULL, NULL, NULL),
(491, '2016-06-01', 26, 'C3', 3, '4750.00', NULL, NULL, NULL, NULL),
(492, '2016-06-01', 27, 'C1', 2, '6800.00', NULL, NULL, NULL, NULL),
(493, '2016-06-01', 28, 'TO1', 1, '650.00', NULL, NULL, NULL, NULL),
(494, '2016-06-01', 29, 'C6', 1, '1700.00', NULL, NULL, NULL, NULL),
(495, '2016-06-01', 30, 'C4', 1, '950.00', NULL, NULL, NULL, NULL),
(496, '2016-06-01', 31, 'C8', 2, '5700.00', NULL, NULL, NULL, NULL),
(497, '2016-06-01', 32, 'C3', 1, '1550.00', NULL, NULL, NULL, NULL),
(498, '2016-06-01', 33, 'TO1', 1, '1350.00', NULL, NULL, NULL, NULL),
(499, '2016-06-01', 34, 'TO1', 1, '1300.00', NULL, NULL, NULL, NULL),
(500, '2016-06-01', 35, 'C4', 1, '850.00', NULL, NULL, NULL, NULL),
(501, '2016-06-01', 36, 'C2', 1, '3000.00', NULL, NULL, NULL, NULL),
(502, '2016-06-02', 1, 'C4', 2, '2800.00', NULL, NULL, NULL, NULL),
(503, '2016-06-02', 2, 'C9', 2, '1800.00', NULL, NULL, NULL, NULL),
(504, '2016-06-02', 3, 'C1', 1, '850.00', NULL, NULL, NULL, NULL),
(505, '2016-06-02', 4, 'C2', 1, '950.00', NULL, NULL, NULL, NULL),
(506, '2016-06-02', 5, 'C3', 1, '850.00', NULL, NULL, NULL, NULL),
(507, '2016-06-02', 6, 'C7', 1, '950.00', NULL, NULL, NULL, NULL),
(508, '2016-06-02', 7, '10', 2, '1800.00', NULL, NULL, NULL, NULL),
(509, '2016-06-02', 8, 'C5', 1, '900.00', NULL, NULL, NULL, NULL),
(510, '2016-06-02', 9, 'TO1', 1, '650.00', NULL, NULL, NULL, NULL),
(511, '2016-06-02', 10, 'C4', 1, '1100.00', NULL, NULL, NULL, NULL),
(512, '2016-06-02', 11, 'C1', 3, '2700.00', NULL, NULL, NULL, NULL),
(513, '2016-06-02', 12, 'TO1', 1, '750.00', NULL, NULL, NULL, NULL),
(514, '2016-06-02', 13, '11', 4, '4000.00', NULL, NULL, NULL, NULL),
(515, '2016-06-02', 14, 'C6', 1, '1700.00', NULL, NULL, NULL, NULL),
(516, '2016-06-02', 15, 'C2', 1, '850.00', NULL, NULL, NULL, NULL),
(517, '2016-06-02', 16, 'C8', 1, '800.00', NULL, NULL, NULL, NULL),
(518, '2016-06-02', 17, 'TO1', 1, '700.00', NULL, NULL, NULL, NULL),
(519, '2016-06-02', 18, 'C3', 2, '4100.00', NULL, NULL, NULL, NULL),
(520, '2016-06-02', 19, 'TO1', 1, '1300.00', NULL, NULL, NULL, NULL),
(521, '2016-06-02', 20, 'TO1', 1, '1550.00', NULL, NULL, NULL, NULL),
(522, '2016-06-02', 21, 'TO1', 1, '1600.00', NULL, NULL, NULL, NULL),
(523, '2016-06-02', 22, 'C9', 2, '4250.00', NULL, NULL, NULL, NULL),
(524, '2016-06-02', 23, 'TO1', 1, '650.00', NULL, NULL, NULL, NULL),
(525, '2016-06-02', 24, 'TO1', 1, '1450.00', NULL, NULL, NULL, NULL),
(526, '2016-06-02', 25, 'C2', 3, '5350.00', NULL, NULL, NULL, NULL),
(527, '2016-06-02', 26, 'C6', 2, '4250.00', NULL, NULL, NULL, NULL),
(528, '2016-06-02', 27, 'C9', 1, '2100.00', NULL, NULL, NULL, NULL),
(529, '2016-06-02', 28, 'C2', 1, '950.00', NULL, NULL, NULL, NULL),
(530, '2016-06-03', 1, 'C3', 1, '800.00', NULL, NULL, NULL, NULL),
(531, '2016-06-03', 2, 'C8', 2, '1550.00', NULL, NULL, NULL, NULL),
(532, '2016-06-03', 3, 'C3', 2, '2650.00', NULL, NULL, NULL, NULL),
(533, '2016-06-03', 4, 'C1', 1, '900.00', NULL, NULL, NULL, NULL),
(534, '2016-06-03', 5, 'TO1', 1, '2250.00', NULL, NULL, NULL, NULL),
(535, '2016-06-03', 6, 'TO1', 1, '750.00', NULL, NULL, NULL, NULL),
(536, '2016-06-03', 7, 'C6', 1, '950.00', NULL, NULL, NULL, NULL),
(537, '2016-06-03', 8, 'TO1', 1, '1850.00', NULL, NULL, NULL, NULL),
(538, '2016-06-03', 9, 'C8', 1, '800.00', NULL, NULL, NULL, NULL),
(539, '2016-06-03', 10, 'TO1', 1, '650.00', NULL, NULL, NULL, NULL),
(540, '2016-06-03', 11, 'C3', 2, '2850.00', NULL, NULL, NULL, NULL),
(541, '2016-06-03', 12, 'C6', 1, '850.00', NULL, NULL, NULL, NULL),
(542, '2016-06-03', 13, 'TO1', 1, '650.00', NULL, NULL, NULL, NULL),
(543, '2016-06-03', 14, 'TO1', 1, '650.00', NULL, NULL, NULL, NULL),
(544, '2016-06-03', 15, 'C8', 1, '950.00', NULL, NULL, NULL, NULL),
(545, '2016-06-03', 16, 'C6', 1, '1950.00', NULL, NULL, NULL, NULL),
(546, '2016-06-03', 17, 'C4', 2, '3450.00', NULL, NULL, NULL, NULL),
(547, '2016-06-03', 18, 'TO1', 1, '800.00', NULL, NULL, NULL, NULL),
(548, '2016-06-03', 19, 'C1', 1, '1500.00', NULL, NULL, NULL, NULL),
(549, '2016-06-03', 20, 'C6', 1, '950.00', NULL, NULL, NULL, NULL),
(550, '2016-06-03', 21, 'C3', 1, '1300.00', NULL, NULL, NULL, NULL),
(551, '2016-06-04', 1, 'C4', 1, '950.00', NULL, NULL, NULL, NULL),
(552, '2016-06-04', 2, 'C9', 1, '1400.00', NULL, NULL, NULL, NULL),
(553, '2016-06-04', 3, 'C6', 2, '2300.00', NULL, NULL, NULL, NULL),
(554, '2016-06-04', 4, 'C2', 2, '1750.00', NULL, NULL, NULL, NULL),
(555, '2016-06-04', 5, 'C9', 2, '1750.00', NULL, NULL, NULL, NULL),
(556, '2016-06-04', 6, 'C4', 2, '2650.00', NULL, NULL, NULL, NULL),
(557, '2016-06-04', 7, 'C1', 1, '900.00', NULL, NULL, NULL, NULL),
(558, '2016-06-04', 8, 'C5', 1, '900.00', NULL, NULL, NULL, NULL),
(559, '2016-06-04', 9, 'C3', 1, '900.00', NULL, NULL, NULL, NULL),
(560, '2016-06-04', 10, 'C7', 1, '1450.00', NULL, NULL, NULL, NULL),
(561, '2016-06-04', 11, '10', 3, '2700.00', NULL, NULL, NULL, NULL),
(562, '2016-06-04', 12, 'C9', 2, '2750.00', NULL, NULL, NULL, NULL),
(563, '2016-06-04', 13, 'C1', 2, '1750.00', NULL, NULL, NULL, NULL),
(564, '2016-06-04', 14, 'C5', 1, '800.00', NULL, NULL, NULL, NULL),
(565, '2016-06-04', 15, 'C3', 1, '900.00', NULL, NULL, NULL, NULL),
(566, '2016-06-04', 16, 'C7', 1, '850.00', NULL, NULL, NULL, NULL),
(567, '2016-06-04', 17, 'C8', 1, '800.00', NULL, NULL, NULL, NULL),
(568, '2016-06-04', 18, 'C4', 1, '1350.00', NULL, NULL, NULL, NULL),
(569, '2016-06-04', 19, 'TO1', 1, '800.00', NULL, NULL, NULL, NULL),
(570, '2016-06-04', 20, 'TO1', 1, '5200.00', NULL, NULL, NULL, NULL),
(571, '2016-06-04', 21, 'TO1', 1, '2250.00', NULL, NULL, NULL, NULL),
(572, '2016-06-04', 22, 'TO1', 1, '650.00', NULL, NULL, NULL, NULL),
(573, '2016-06-04', 23, 'TO1', 1, '2100.00', NULL, NULL, NULL, NULL),
(574, '2016-06-04', 24, 'C8', 1, '1800.00', NULL, NULL, NULL, NULL),
(575, '2016-06-04', 25, 'C5', 1, '5850.00', NULL, NULL, NULL, NULL),
(576, '2016-06-04', 26, 'C1', 2, '3400.00', NULL, NULL, NULL, NULL),
(577, '2016-06-04', 27, 'TO1', 1, '3850.00', NULL, NULL, NULL, NULL),
(578, '2016-06-04', 28, 'C9', 4, '5350.00', NULL, NULL, NULL, NULL),
(579, '2016-06-04', 29, 'C4', 1, '1250.00', NULL, NULL, NULL, NULL),
(580, '2016-06-04', 30, 'TO1', 1, '650.00', NULL, NULL, NULL, NULL),
(581, '2016-06-04', 31, 'C5', 2, '3300.00', NULL, NULL, NULL, NULL),
(582, '2016-06-04', 32, 'TO1', 1, '1600.00', NULL, NULL, NULL, NULL),
(583, '2016-06-04', 33, 'C9', 2, '1850.00', NULL, NULL, NULL, NULL),
(584, '2016-06-04', 34, 'TO1', 1, '650.00', NULL, NULL, NULL, NULL),
(585, '2016-06-05', 1, 'TO1', 1, '-250.00', NULL, NULL, NULL, NULL),
(586, '2016-06-05', 2, 'C1', 1, '1700.00', NULL, NULL, NULL, NULL),
(587, '2016-06-05', 3, 'C9', 1, '2600.00', NULL, NULL, NULL, NULL),
(588, '2016-06-05', 4, 'C4', 1, '800.00', NULL, NULL, NULL, NULL),
(589, '2016-06-05', 5, 'TO2', 1, '650.00', NULL, NULL, NULL, NULL),
(590, '2016-06-05', 6, 'C7', 2, '1800.00', NULL, NULL, NULL, NULL),
(591, '2016-06-05', 7, 'C3', 1, '900.00', NULL, NULL, NULL, NULL),
(592, '2016-06-05', 8, 'C1', 2, '1750.00', NULL, NULL, NULL, NULL),
(593, '2016-06-05', 9, '10', 4, '3550.00', NULL, NULL, NULL, NULL),
(594, '2016-06-05', 10, 'C8', 1, '1050.00', NULL, NULL, NULL, NULL),
(595, '2016-06-05', 11, 'C4', 2, '1850.00', NULL, NULL, NULL, NULL),
(596, '2016-06-05', 12, 'C3', 1, '900.00', NULL, NULL, NULL, NULL),
(597, '2016-06-05', 13, 'C9', 2, '1750.00', NULL, NULL, NULL, NULL),
(598, '2016-06-05', 14, 'C6', 2, '2200.00', NULL, NULL, NULL, NULL),
(599, '2016-06-05', 15, 'C9', 1, '1100.00', NULL, NULL, NULL, NULL),
(600, '2016-06-05', 16, 'C1', 2, '3300.00', NULL, NULL, NULL, NULL),
(601, '2016-06-05', 17, 'C4', 2, '2000.00', NULL, NULL, NULL, NULL),
(602, '2016-06-05', 18, '10', 2, '3300.00', NULL, NULL, NULL, NULL),
(603, '2016-06-05', 19, 'C2', 1, '1100.00', NULL, NULL, NULL, NULL),
(604, '2016-06-05', 20, 'C7', 2, '1650.00', NULL, NULL, NULL, NULL),
(605, '2016-06-05', 21, 'TO1', 1, '700.00', NULL, NULL, NULL, NULL),
(606, '2016-06-05', 22, 'C4', 2, '2700.00', NULL, NULL, NULL, NULL),
(607, '2016-06-05', 23, 'C6', 1, '850.00', NULL, NULL, NULL, NULL),
(608, '2016-06-05', 24, 'C9', 2, '3400.00', NULL, NULL, NULL, NULL),
(609, '2016-06-05', 25, 'C2', 1, '1750.00', NULL, NULL, NULL, NULL),
(610, '2016-06-05', 26, '10', 4, '5500.00', NULL, NULL, NULL, NULL),
(611, '2016-06-05', 27, 'TO1', 1, '2250.00', NULL, NULL, NULL, NULL),
(612, '2016-06-05', 28, 'C3', 3, '5250.00', NULL, NULL, NULL, NULL),
(613, '2016-06-05', 29, 'C9', 2, '1950.00', NULL, NULL, NULL, NULL),
(614, '2016-06-05', 30, 'C9', 2, '6100.00', NULL, NULL, NULL, NULL),
(615, '2016-06-05', 31, 'C7', 2, '3900.00', NULL, NULL, NULL, NULL),
(616, '2016-06-05', 32, '10', 2, '3800.00', NULL, NULL, NULL, NULL),
(617, '2016-06-05', 33, '12', 2, '5200.00', NULL, NULL, NULL, NULL),
(618, '2016-06-05', 34, 'C1', 1, '2450.00', NULL, NULL, NULL, NULL),
(619, '2016-06-05', 35, 'C4', 1, '2800.00', NULL, NULL, NULL, NULL),
(620, '2016-06-05', 36, 'C7', 2, '3350.00', NULL, NULL, NULL, NULL),
(621, '2016-06-05', 37, 'C1', 2, '4550.00', NULL, NULL, NULL, NULL),
(622, '2016-06-05', 38, '14', 2, '4100.00', NULL, NULL, NULL, NULL),
(623, '2016-06-05', 39, '10', 1, '1500.00', NULL, NULL, NULL, NULL),
(624, '2016-06-05', 40, '16', 2, '3150.00', NULL, NULL, NULL, NULL),
(625, '2016-06-05', 41, 'C9', 2, '3000.00', NULL, NULL, NULL, NULL),
(626, '2016-06-05', 42, 'C3', 2, '4800.00', NULL, NULL, NULL, NULL),
(627, '2016-06-05', 43, '10', 3, '2750.00', NULL, NULL, NULL, NULL),
(628, '2016-06-05', 44, 'C5', 2, '6000.00', NULL, NULL, NULL, NULL),
(629, '2016-06-06', 1, 'C9', 1, '2650.00', NULL, NULL, NULL, NULL),
(630, '2016-06-06', 2, 'C7', 2, '2700.00', NULL, NULL, NULL, NULL),
(631, '2016-06-06', 3, 'C8', 1, '1450.00', NULL, NULL, NULL, NULL),
(632, '2016-06-06', 4, 'C5', 2, '3850.00', NULL, NULL, NULL, NULL),
(633, '2016-06-06', 5, 'C3', 1, '900.00', NULL, NULL, NULL, NULL),
(634, '2016-06-06', 6, 'C1', 1, '900.00', NULL, NULL, NULL, NULL),
(635, '2016-06-06', 7, 'C2', 1, '800.00', NULL, NULL, NULL, NULL),
(636, '2016-06-06', 8, 'C3', 1, '900.00', NULL, NULL, NULL, NULL),
(637, '2016-06-06', 9, 'C4', 1, '950.00', NULL, NULL, NULL, NULL),
(638, '2016-06-06', 10, 'C9', 1, '850.00', NULL, NULL, NULL, NULL),
(639, '2016-06-06', 11, 'TO1', 1, '650.00', NULL, NULL, NULL, NULL),
(640, '2016-06-06', 12, 'C3', 1, '900.00', NULL, NULL, NULL, NULL),
(641, '2016-06-06', 13, 'C4', 3, '2950.00', NULL, NULL, NULL, NULL),
(642, '2016-06-06', 14, 'C9', 1, '850.00', NULL, NULL, NULL, NULL),
(643, '2016-06-06', 15, 'TO1', 1, '800.00', NULL, NULL, NULL, NULL),
(644, '2016-06-06', 16, 'C3', 2, '7300.00', NULL, NULL, NULL, NULL),
(645, '2016-06-06', 17, 'C9', 2, '5350.00', NULL, NULL, NULL, NULL),
(646, '2016-06-06', 18, 'C1', 1, '1900.00', NULL, NULL, NULL, NULL),
(647, '2016-06-06', 19, 'TO1', 1, '1300.00', NULL, NULL, NULL, NULL),
(648, '2016-06-06', 20, 'C1', 1, '1800.00', NULL, NULL, NULL, NULL),
(649, '2016-06-06', 21, '10', 3, '11500.00', NULL, NULL, NULL, NULL),
(650, '2016-06-06', 22, 'C7', 1, '850.00', NULL, NULL, NULL, NULL),
(651, '2016-06-06', 23, 'C9', 2, '2950.00', NULL, NULL, NULL, NULL),
(652, '2016-06-06', 24, 'C6', 2, '4800.00', NULL, NULL, NULL, NULL),
(653, '2016-06-06', 25, 'C2', 1, '1250.00', NULL, NULL, NULL, NULL),
(654, '2016-06-07', 1, 'C9', 2, '1800.00', NULL, NULL, NULL, NULL),
(655, '2016-06-07', 2, 'C4', 1, '900.00', NULL, NULL, NULL, NULL),
(656, '2016-06-07', 3, 'C9', 2, '1900.00', NULL, NULL, NULL, NULL),
(657, '2016-06-07', 4, 'C6', 2, '1700.00', NULL, NULL, NULL, NULL),
(658, '2016-06-07', 5, 'C4', 2, '1650.00', NULL, NULL, NULL, NULL),
(659, '2016-06-07', 6, 'C2', 2, '1750.00', NULL, NULL, NULL, NULL),
(660, '2016-06-07', 7, '10', 1, '900.00', NULL, NULL, NULL, NULL),
(661, '2016-06-07', 8, '11', 1, '850.00', NULL, NULL, NULL, NULL),
(662, '2016-06-07', 9, 'C9', 1, '2300.00', NULL, NULL, NULL, NULL),
(663, '2016-06-07', 10, 'C4', 2, '3200.00', NULL, NULL, NULL, NULL),
(664, '2016-06-07', 11, 'C8', 1, '1350.00', NULL, NULL, NULL, NULL),
(665, '2016-06-07', 12, 'C3', 1, '800.00', NULL, NULL, NULL, NULL),
(666, '2016-06-07', 13, 'C1', 1, '800.00', NULL, NULL, NULL, NULL),
(667, '2016-06-07', 14, 'TO1', 1, '700.00', NULL, NULL, NULL, NULL),
(668, '2016-06-07', 15, 'C7', 1, '900.00', NULL, NULL, NULL, NULL),
(669, '2016-06-07', 16, 'C6', 2, '1750.00', NULL, NULL, NULL, NULL),
(670, '2016-06-07', 17, 'C7', 1, '900.00', NULL, NULL, NULL, NULL),
(671, '2016-06-07', 18, 'C6', 1, '850.00', NULL, NULL, NULL, NULL),
(672, '2016-06-07', 19, 'C3', 2, '1800.00', NULL, NULL, NULL, NULL),
(673, '2016-06-07', 20, 'C9', 1, '850.00', NULL, NULL, NULL, NULL),
(674, '2016-06-07', 21, 'C3', 1, '850.00', NULL, NULL, NULL, NULL),
(675, '2016-06-07', 22, 'C1', 1, '1200.00', NULL, NULL, NULL, NULL),
(676, '2016-06-07', 23, 'C3', 1, '900.00', NULL, NULL, NULL, NULL),
(677, '2016-06-07', 24, 'TO5', 1, '100.00', NULL, NULL, NULL, NULL),
(678, '2016-06-07', 25, 'TO5', 1, '100.00', NULL, NULL, NULL, NULL),
(679, '2016-06-07', 26, 'TO5', 1, '100.00', NULL, NULL, NULL, NULL),
(680, '2016-06-07', 27, 'TO5', 10, '2400.00', NULL, NULL, NULL, NULL),
(681, '2016-06-07', 28, 'TO5', 99, '2400.00', NULL, NULL, NULL, NULL),
(682, '2016-06-07', 29, 'TO5', 1, '1250.00', NULL, NULL, NULL, NULL),
(683, '2016-06-07', 30, 'TO5', 10, '1100.00', NULL, NULL, NULL, NULL),
(684, '2016-06-07', 31, 'TO5', 10, '2200.00', NULL, NULL, NULL, NULL),
(685, '2016-06-07', 32, 'TO5', 10, '1000.00', NULL, NULL, NULL, NULL),
(686, '2016-06-07', 33, 'TO5', 99, '1900.00', NULL, NULL, NULL, NULL),
(687, '2016-06-07', 34, 'TO5', 10, '1900.00', NULL, NULL, NULL, NULL),
(688, '2016-06-07', 35, 'TO5', 1, '1900.00', NULL, NULL, NULL, NULL),
(689, '2016-06-07', 36, 'TO5', 1, '3200.00', NULL, NULL, NULL, NULL);

-- --------------------------------------------------------

--
-- Table structure for table `categories`
--

CREATE TABLE `categories` (
  `id` int(10) UNSIGNED NOT NULL,
  `name_en` varchar(50) NOT NULL,
  `name_th` varchar(50) NOT NULL,
  `name_jp` varchar(50) NOT NULL,
  `parent_id` int(10) UNSIGNED DEFAULT NULL,
  `ordered` int(10) UNSIGNED DEFAULT NULL,
  `showed` tinyint(1) NOT NULL DEFAULT '0'
) ENGINE=InnoDB DEFAULT CHARSET=utf8mb4;

--
-- Dumping data for table `categories`
--

INSERT INTO `categories` (`id`, `name_en`, `name_th`, `name_jp`, `parent_id`, `ordered`, `showed`) VALUES
(1, 'Kao Man Gai Set', 'Kao Man Gai Set', 'Kao Man Gai Set', NULL, 1, 1),
(2, 'Lunch Set', 'Lunch Set', 'Lunch Set', NULL, 2, 1),
(3, 'Lunch Drink', 'Lunch Drink', 'Lunch Drink', NULL, 3, 1),
(4, 'Alcohol Drink', 'Alcohol Drink', 'Alcohol Drink', NULL, 8, 1),
(5, 'Soft Drink', 'Soft Drink', 'Soft Drink', NULL, 9, 1),
(6, 'Appetizer', 'Appetizer', 'Appetizer', NULL, 4, 1),
(7, 'Salad', 'Salad', 'Salad', NULL, 5, 1),
(8, 'Rice and Noodle', 'Rice and Noodle', 'Rice and Noodle', NULL, 6, 1),
(9, 'Curry and Soup', 'Curry and Soup', 'Curry and Soup', NULL, 7, 1),
(10, 'Dessert', 'Dessert', 'Dessert', NULL, 10, 1),
(11, 'Take Out', 'Take Out', 'Take Out', NULL, 11, 1),
(12, 'Other', 'Other', 'Other', NULL, 12, 1);

-- --------------------------------------------------------

--
-- Table structure for table `menus`
--

CREATE TABLE `menus` (
  `id` int(10) UNSIGNED NOT NULL,
  `menu_no` int(10) UNSIGNED NOT NULL,
  `category_id` int(10) UNSIGNED DEFAULT NULL,
  `name_th` tinytext NOT NULL,
  `name_en` tinytext NOT NULL,
  `name_jp` tinytext NOT NULL,
  `name_kitchen` tinytext NOT NULL,
  `image_url` tinytext,
  `price` decimal(7,2) NOT NULL,
  `type` enum('food','dessert','drink','other') NOT NULL DEFAULT 'food',
  `parent_id` int(10) UNSIGNED DEFAULT NULL,
  `ordered` int(10) UNSIGNED DEFAULT NULL,
  `showed` tinyint(1) NOT NULL DEFAULT '0'
) ENGINE=InnoDB DEFAULT CHARSET=utf8mb4;

--
-- Dumping data for table `menus`
--

INSERT INTO `menus` (`id`, `menu_no`, `category_id`, `name_th`, `name_en`, `name_jp`, `name_kitchen`, `image_url`, `price`, `type`, `parent_id`, `ordered`, `showed`) VALUES
(1, 1, 4, 'Asahi ()', 'Asahi Super Dry (Draft)', '()', 'DRAFT BEER', NULL, '450.00', 'food', NULL, NULL, 1),
(2, 2, 4, 'Asahi ()', 'Asahi Super Dry', '', 'SUPER DRY BEER', NULL, '600.00', 'food', NULL, NULL, 1),
(3, 3, 4, '', 'Singha beer', '', 'SINGHA BEER', NULL, '600.00', 'food', NULL, NULL, 1),
(4, 4, 4, '', 'Chang Beer', '', 'CHANG BEER', NULL, '600.00', 'food', NULL, NULL, 1),
(5, 5, 4, '', 'Laos Beer', '', 'LAOS BEER', NULL, '600.00', 'food', NULL, NULL, 1),
(6, 6, 4, '', 'Hinekens', '', 'HINEKENS', NULL, '600.00', 'food', NULL, NULL, 1),
(7, 7, 4, '', 'Highball', '', 'Highball', NULL, '450.00', 'food', NULL, NULL, 1),
(8, 8, 4, '  ', 'Lemon Sour', ' ', 'Lemon Sour', NULL, '450.00', 'food', NULL, NULL, 1),
(9, 9, 4, '', 'Oolong High', ' ', 'Oolong High', NULL, '450.00', 'food', NULL, NULL, 1),
(10, 10, 4, '', 'Seek sour', '   ', 'Seek sour', NULL, '450.00', 'food', NULL, NULL, 1),
(11, 11, 4, 'Spy Red', 'Spy red', '', 'SPY RED', NULL, '600.00', 'food', NULL, NULL, 1),
(12, 12, 4, 'Spy Classic', 'Spy Classic', ' ', 'SPY CLASSIC', NULL, '600.00', 'food', NULL, NULL, 1),
(13, 13, 4, ' (//)', 'Plum Wine', '//', 'Plum Wine (R/W/S)', NULL, '450.00', 'food', NULL, NULL, 1),
(14, 14, 4, ' (//)', 'Sang Som', '// ', 'Sang Som (R/W/S)', NULL, '650.00', 'food', NULL, NULL, 1),
(15, 15, 4, ' (//)', 'Hong Thong', '// ', 'Hong Thong (R/W/S)', NULL, '550.00', 'food', NULL, NULL, 1),
(16, 16, 4, '', 'Wisky, Thai Tea', '', 'Wisky, Thai Tea', NULL, '550.00', 'food', NULL, NULL, 1),
(17, 17, 5, 'Cola', 'Cola', ' ', 'COLA', NULL, '300.00', 'food', NULL, NULL, 1),
(18, 18, 5, 'Ginger ale', 'Ginger Ale', '', 'Ginger Ale', NULL, '300.00', 'food', NULL, NULL, 1),
(19, 19, 5, '', 'Lemonade', '', 'Lemonade', NULL, '400.00', 'food', NULL, NULL, 1),
(20, 20, 5, '', 'Guava Juice', '', 'Guava Juice', NULL, '400.00', 'food', NULL, NULL, 1),
(21, 21, 5, '', 'Orange Juice', '', 'Orange Juice', NULL, '400.00', 'food', NULL, NULL, 1),
(22, 22, 5, '', 'Coconut Juice', '', 'Coconut Juice', NULL, '400.00', 'food', NULL, NULL, 1),
(23, 23, 5, '', 'Mango Juice', '', 'Mango Juice', NULL, '400.00', 'food', NULL, NULL, 1),
(24, 24, 5, '', 'Pineapple Juice', '', 'Pineapple Juice', NULL, '400.00', 'food', NULL, NULL, 1),
(25, 25, 5, '', 'Litchi Juice', '', 'Litchi Juice', NULL, '400.00', 'food', NULL, NULL, 1),
(26, 26, 5, '', 'Ice Coffee', '', 'Ice Coffee', NULL, '500.00', 'food', NULL, NULL, 1),
(27, 27, 5, '', 'Hot coffee', '', 'Hot coffee', NULL, '450.00', 'food', NULL, NULL, 1),
(28, 28, 5, '', 'Thai Tea', '', 'Thai Tea', NULL, '400.00', 'food', NULL, NULL, 1),
(29, 29, 5, '', 'Safflower', '', 'Safflower', NULL, '400.00', 'food', NULL, NULL, 1),
(30, 30, 5, '', 'Lemongrass', '', 'Lemongrass', NULL, '400.00', 'food', NULL, NULL, 1),
(31, 31, 5, ' ', 'Hibiscus Roselle', '', 'Hibiscus Roselle', NULL, '400.00', 'food', NULL, NULL, 1),
(32, 32, 5, '', 'Butterfly Pea', '', 'Butterfly Pea', NULL, '400.00', 'food', NULL, NULL, 1),
(33, 33, 5, '', 'Orong Tea', '', 'Orong Tea', NULL, '400.00', 'food', NULL, NULL, 1),
(34, 34, 5, '', 'Jasmin Tea', '', 'Jasmin Tea', NULL, '400.00', 'food', NULL, NULL, 1),
(35, 35, 6, '', 'Fresh Shrimp roll ', '', 'PO. SOD  ', NULL, '500.00', 'food', NULL, NULL, 1),
(36, 36, 6, '', 'Deep fried spring rolls', '', 'PO. TOD', NULL, '650.00', 'food', NULL, NULL, 1),
(37, 37, 6, '', 'Grilled chicken (Yakitori)', '  ', 'GAI YANG', NULL, '700.00', 'food', NULL, NULL, 1),
(38, 38, 6, '', 'Deep fried shrimp cake with rice paper', '', 'KUNG KA BEANG', NULL, '750.00', 'food', NULL, NULL, 1),
(39, 39, 6, '', 'Stir fried morning glory', '', 'PAD PAKBUNG', NULL, '750.00', 'food', NULL, NULL, 1),
(40, 40, 6, '  ', 'Deep fried shrimp patties', ' ', 'TODMAN KUNG  ', NULL, '750.00', 'food', NULL, NULL, 1),
(41, 41, 6, '', 'Grilled meat skewers pork', '', 'MOO SATE', NULL, '650.00', 'food', NULL, NULL, 1),
(42, 42, 6, ' ', 'Grilled meat skewers chicken', '', 'GAI SATE', NULL, '600.00', 'food', NULL, NULL, 1),
(43, 43, 6, '', 'Seasoned grilled pork neck', '', 'K.MOO YANG', NULL, '750.00', 'food', NULL, NULL, 1),
(44, 44, 6, '', 'Fried shrimp with garlic', '', 'KUNG TOD KATAEM ', NULL, '800.00', 'food', NULL, NULL, 1),
(45, 45, 6, '', 'Thai''s Omelet', 'Thai''s Omelet', 'KAI JEIW', NULL, '650.00', 'food', NULL, NULL, 1),
(46, 46, 6, '', 'Fried Chicken', '', 'Deep Fried Chicken Wings', NULL, '650.00', 'food', NULL, NULL, 1),
(47, 47, 7, '', 'Somtam Thai', '', 'SOM TOM', NULL, '750.00', 'food', NULL, NULL, 1),
(48, 48, 7, '', 'Avocado and shrimp spicy salad', ' ', 'YAM AVOCADO', NULL, '800.00', 'food', NULL, NULL, 1),
(49, 49, 7, '', 'Grass noodle spicy salad', '', 'YAM WUNSAN', NULL, '550.00', 'food', NULL, NULL, 1),
(50, 50, 7, '', 'Lemongrass and shrimp spicy salad', '', 'YAM TAKAI KUNG', NULL, '750.00', 'food', NULL, NULL, 1),
(51, 51, 7, '', 'Grilled pork shoulder in spicy condiment', '  ', 'NAMTOK K.MOO', NULL, '850.00', 'food', NULL, NULL, 1),
(52, 52, 7, '', 'Seasoned grilled pork spicy salad', '', 'YAM K.MOO', NULL, '650.00', 'food', NULL, NULL, 1),
(53, 53, 7, '', 'Minced chicken salad with fresh thai herb', '', 'LAB GAI', NULL, '650.00', 'food', NULL, NULL, 1),
(54, 54, 8, '', 'Minced chicken stir fried with basil leaf', '', 'KAO KAPAO', NULL, '950.00', 'food', NULL, NULL, 1),
(55, 55, 8, '', 'Rice and Stir-fried Chicken with cashew nuts', '', 'KAO GAI MET', NULL, '950.00', 'food', NULL, NULL, 1),
(56, 56, 8, '', 'Thai fried rice with prawns', ' ', 'KAO PAD KUNG', NULL, '850.00', 'food', NULL, NULL, 1),
(57, 57, 8, '', 'Chicken Rice', '', 'KAO MAN GAI', NULL, '950.00', 'food', NULL, NULL, 1),
(58, 58, 8, '', 'Noodle in spicy soup', '', 'TIEW TOM YAM', NULL, '900.00', 'food', NULL, NULL, 1),
(59, 59, 8, '', 'Noodle in chicken soup', '', 'TIEW GAI', NULL, '800.00', 'food', NULL, NULL, 1),
(60, 60, 8, '', 'Noodle in beef soup', '', 'TIEW NUE', NULL, '1050.00', 'food', NULL, NULL, 1),
(61, 61, 8, '', 'Noodle in Chicken Curry', '', 'KAO SOI GAI', NULL, '950.00', 'food', NULL, NULL, 1),
(62, 62, 8, '', 'Fried Noodles', '', 'PAD THAI', NULL, '850.00', 'food', NULL, NULL, 1),
(63, 63, 8, '', 'Spicy spaghetti', '', 'SPA. KEEMAO', NULL, '850.00', 'food', NULL, NULL, 1),
(64, 64, 8, '', 'Green curry spaghetti', '', 'SPA. KAEW GAI', NULL, '850.00', 'food', NULL, NULL, 1),
(65, 65, 8, '', 'Stir fried vegetable', '', 'PAD PAK', NULL, '650.00', 'food', NULL, NULL, 1),
(66, 66, 8, '', 'Sour and Sweet Stir-Fry', '', 'PAD PEW WAN', NULL, '750.00', 'food', NULL, NULL, 1),
(67, 67, 8, '', 'Stir fried Bog Choy and crispy pork', '', 'PAD PAKBUNG', NULL, '850.00', 'food', NULL, NULL, 1),
(68, 68, 8, '', 'Stir fried Chicken with cashew nuts', '', 'GAI MEI', NULL, '750.00', 'food', NULL, NULL, 1),
(69, 69, 9, '', 'Green curry with chicken', ' ', 'GANG KAEW GAI', NULL, '950.00', 'food', NULL, NULL, 1),
(70, 70, 9, '', 'Red curry with chicken', ' ', 'GANG DANG GAI', NULL, '950.00', 'food', NULL, NULL, 1),
(71, 71, 9, '', 'Massaman curry with Beef', '', 'MASAMAN NUE', NULL, '1000.00', 'food', NULL, NULL, 1),
(72, 72, 9, '', 'Panaeng curry with pork', '', 'PA NANG', NULL, '950.00', 'food', NULL, NULL, 1),
(73, 73, 9, '', 'Fried shrimp with spicy sauce', '', 'CHUCHI KUNG', NULL, '800.00', 'food', NULL, NULL, 1),
(74, 74, 9, '', 'Jungle soup with chicken', '', 'GANG PA GAI', NULL, '750.00', 'food', NULL, NULL, 1),
(75, 75, 9, '', 'Thai prawn soup', '', 'TOM YAM KUNG', NULL, '1100.00', 'food', NULL, NULL, 1),
(76, 76, 9, '', 'Coconut soup with chicken', '', 'TOM KA GAI', NULL, '950.00', 'food', NULL, NULL, 1),
(77, 77, 9, '', 'clear soup with tofu and pork', '', 'TOFU SOUP', NULL, '750.00', 'food', NULL, NULL, 1),
(78, 78, 10, '', 'Layer Sweet Cake', '', 'Layer Sweet Cake', NULL, '400.00', 'food', NULL, NULL, 1),
(79, 79, 10, '', 'Pumpkin custard', '', 'Pumpkin Custard', NULL, '400.00', 'food', NULL, NULL, 1),
(80, 80, 10, '', 'Coconut milk custard (2 Cups)', '2', 'Coconut Custard', NULL, '300.00', 'food', NULL, NULL, 1),
(81, 81, 10, '', 'Baked pudding of coconut custard', '', 'Baked Pudding', NULL, '350.00', 'food', NULL, NULL, 1),
(82, 82, 10, '', 'Tapioca in coconut milk', '', 'Tapioca', NULL, '450.00', 'food', NULL, NULL, 1),
(83, 83, 10, '', 'Coconut milk ice cream', '', 'Coconut Ice Cream', NULL, '450.00', 'food', NULL, NULL, 1),
(84, 84, 10, '', 'Tapioca and corn in coconut milk ice cream', '', 'Tapioca Ice Cream', NULL, '550.00', 'food', NULL, NULL, 1),
(85, 85, 10, '', 'Mango ice cream', '', 'Mango Ice Cream', NULL, '500.00', 'food', NULL, NULL, 1),
(86, 86, 10, '', 'Mango pudding', '', 'Mango Pudding', NULL, '550.00', 'food', NULL, NULL, 1),
(87, 87, 10, '', 'Putting coconut milk on mango and sticky rice', '  ', 'Mango Sticky Rice', NULL, '950.00', 'food', NULL, NULL, 1),
(88, 88, 12, '', 'Jasmine Rices', '', 'Jasmine Rices', NULL, '200.00', 'food', NULL, NULL, 1),
(89, 89, 12, '', 'Sticky Rice', 'Sticky Rice', 'Sticky Rice', NULL, '300.00', 'food', NULL, NULL, 1),
(90, 90, 12, '', 'Coriander', 'Coriander', 'PAK CHEE', NULL, '200.00', 'food', NULL, NULL, 1),
(91, 91, 1, 'A1 SET', 'A1 SET', '', 'A1', NULL, '800.00', 'food', NULL, NULL, 1),
(92, 92, 1, 'A2 SET', 'A2 SET', '', 'A2', NULL, '800.00', 'food', NULL, NULL, 1),
(93, 93, 1, 'A3 SET', 'A3 SET', '', 'A3', NULL, '800.00', 'food', NULL, NULL, 1),
(94, 94, 1, 'B1 SET', 'B1 SET', '', 'B1', NULL, '800.00', 'food', NULL, NULL, 1),
(95, 95, 1, 'B2 SET', 'B2 SET', '', 'B2', NULL, '800.00', 'food', NULL, NULL, 1),
(96, 96, 1, 'B3 SET', 'B3 SET', '', 'B3', NULL, '800.00', 'food', NULL, NULL, 1),
(97, 97, 1, 'C1 SET', 'C1 SET', '', 'C1', NULL, '800.00', 'food', NULL, NULL, 1),
(98, 98, 1, 'C2 SET', 'C2 SET', '', 'C2', NULL, '800.00', 'food', NULL, NULL, 1),
(99, 99, 1, 'C3 SET', 'C3 SET', '', 'C3', NULL, '800.00', 'food', NULL, NULL, 1),
(100, 100, 1, 'A1 (L) SET', 'A1 (L) SET', '', 'A1 (L)', NULL, '900.00', 'food', NULL, NULL, 1),
(101, 101, 1, 'A2 (L) SET', 'A2 (L) SET', '', 'A2 (L)', NULL, '900.00', 'food', NULL, NULL, 1),
(102, 102, 1, 'A3 (L) SET', 'A3 (L) SET', '', 'A3 (L)', NULL, '900.00', 'food', NULL, NULL, 1),
(103, 103, 1, 'B1 (L) SET', 'B1 (L) SET', '', 'B1 (L)', NULL, '900.00', 'food', NULL, NULL, 1),
(104, 104, 1, 'B2 (L) SET', 'B2 (L) SET', '', 'B2 (L)', NULL, '900.00', 'food', NULL, NULL, 1),
(105, 105, 1, 'B3 (L) SET', 'B3 (L) SET', '', 'B3 (L)', NULL, '900.00', 'food', NULL, NULL, 1),
(106, 106, 1, 'C1 (L) SET', 'C1 (L) SET', '', 'C1 (L)', NULL, '900.00', 'food', NULL, NULL, 1),
(107, 107, 1, 'C2 (L) SET', 'C2 (L) SET', '', 'C2 (L)', NULL, '900.00', 'food', NULL, NULL, 1),
(108, 108, 1, 'C3 (L) SET', 'C3 (L) SET', '', 'C3 (L)', NULL, '900.00', 'food', NULL, NULL, 1),
(109, 109, 1, '. Special', 'NaThai Special ', ' ', 'NaThai Special', NULL, '1100.00', 'food', NULL, NULL, 1),
(110, 110, 2, '', 'Basil Fried Chicken and fried egg', ' ', 'KAPAO', NULL, '900.00', 'food', NULL, NULL, 1),
(111, 111, 2, '', 'Fried Rice with Prawns', '', 'KAO PAD KUNG', NULL, '850.00', 'food', NULL, NULL, 1),
(112, 112, 2, '', 'Green Curry', '', 'Green Curry', NULL, '850.00', 'food', NULL, NULL, 1),
(113, 113, 2, '', 'Tom Yam Kung Noodle', ' ', 'TIEW TOM YAM', NULL, '900.00', 'food', NULL, NULL, 1),
(114, 114, 2, '', 'Noodle in Chicken Curry', '', 'KAO SOI', NULL, '950.00', 'food', NULL, NULL, 1),
(115, 115, 3, '', 'Pat Thai (Thailand shrimp wrapped in fried egg)', '', 'PAT THAI', NULL, '850.00', 'food', NULL, NULL, 1),
(116, 116, 2, '', 'Shrimp Spring Roll', '', 'PO. SOD', NULL, '250.00', 'food', NULL, NULL, 1),
(117, 117, 2, '', 'Noodle Grass with Spicy Salad', '', 'YAM WAN SAN', NULL, '500.00', 'food', NULL, NULL, 1),
(118, 118, 2, '', 'Somtam', '', 'SOM TAM', NULL, '550.00', 'food', NULL, NULL, 1),
(119, 119, 2, '', 'Coriander', '', 'PAK CHEE', NULL, '100.00', 'food', NULL, NULL, 1),
(120, 120, 3, '', 'Thai Tea', '', 'Thai Tea', NULL, '400.00', 'food', NULL, NULL, 1),
(121, 121, 3, '', 'Jasmine Tea', '', 'Jasmine Tea', NULL, '400.00', 'food', NULL, NULL, 1),
(122, 122, 3, '', 'Lemon Grass', '', 'Lemon Grass', NULL, '400.00', 'food', NULL, NULL, 1),
(123, 123, 3, '', 'Roselle Tea', '', 'Roselle Tea', NULL, '400.00', 'food', NULL, NULL, 1),
(124, 124, 3, '', 'Butterfly pea', '', 'Butterfly pea', NULL, '400.00', 'food', NULL, NULL, 1),
(125, 125, 3, '', 'Safflower Tea', '', 'Safflower Tea', NULL, '400.00', 'food', NULL, NULL, 1),
(126, 126, 3, '', 'Hot Coffee', '', 'Hot Coffee', NULL, '400.00', 'food', NULL, NULL, 1),
(127, 127, 3, '', 'Guava Juice', ' ', 'Guava Juice', NULL, '400.00', 'food', NULL, NULL, 1),
(128, 128, 3, '', 'Orange Juice', '', 'Orange Juice', NULL, '400.00', 'food', NULL, NULL, 1),
(129, 129, 3, '', 'CoConut Juice', '', 'CoConut Juice', NULL, '400.00', 'food', NULL, NULL, 1),
(130, 130, 3, '', 'Mango Juice', '', 'Mango Juice', NULL, '400.00', 'food', NULL, NULL, 1),
(131, 131, 3, '', 'Pine Apple Juice', ' ', 'Pine Apple Juice', NULL, '400.00', 'food', NULL, NULL, 1),
(132, 132, 3, '', 'Lycee Juice', ' ', 'Lycee Juice', NULL, '400.00', 'food', NULL, NULL, 1),
(133, 133, 3, '', 'Lemonade', '', 'Lemonade', NULL, '400.00', 'food', NULL, NULL, 1),
(134, 134, 3, '', 'Ice Coffee', '', 'Ice Coffee', NULL, '400.00', 'food', NULL, NULL, 1),
(135, 135, 3, '', 'Draft Beer', '', 'Draft Beer', NULL, '400.00', 'food', NULL, NULL, 1),
(136, 136, 3, '', 'Pearl Tea', '', 'Pearl Tea', NULL, '450.00', 'food', NULL, NULL, 1),
(137, 137, 3, '', 'Singha Beer', '', 'Singha Beer', NULL, '550.00', 'food', NULL, NULL, 1),
(138, 138, 11, 'T.O. ', 'T.O. Kao Man Gai', 'T.O. Kao Man Gai', 'T.O. KAO MAN GAI', NULL, '650.00', 'food', NULL, NULL, 1),
(139, 139, 11, 'T.O. ', 'T.O. Kapao Rices', 'T.O. Kapao Rices', 'T.O. KAPAO', NULL, '800.00', 'food', NULL, NULL, 1),
(140, 140, 11, 'T.O. ', 'T.O. Kao Man Gai', 'T.O. Kao Man Gai', 'T.O. KAO MAN GAI', NULL, '650.00', 'food', NULL, NULL, 1),
(141, 141, 11, 'T.O. ', 'T.O. Kapao Rices', 'T.O. Kapao Rices', 'T.O. KAPAO', NULL, '800.00', 'food', NULL, NULL, 1),
(142, 142, 11, 'T.O. ', 'T.O. Pad Thai', 'T.O. Pad Thai', 'T.O. PADTHAI', NULL, '750.00', 'food', NULL, NULL, 1),
(143, 143, 11, 'T.O. ', 'T.O. Thai Fried Rices with Prawns', 'T.O. Thai Fried Rices with Prawns', 'T.O. KAO PAD KUNG', NULL, '750.00', 'food', NULL, NULL, 1),
(144, 144, 11, 'T.O. ', 'T.O. Chicken Green Curry with Rices', 'T.O. Chicken Green Curry with Rices', 'T.O. GANG KAEW WAN GAI', NULL, '700.00', 'food', NULL, NULL, 1),
(146, 146, 2, '', 'Pad Thai', 'Pad Thai', 'PAD THAI', NULL, '850.00', 'food', NULL, NULL, 1),
(147, 147, 12, ' 100', '+ 100', '+ 100', '+ 100', NULL, '100.00', 'other', NULL, NULL, 1),
(148, 148, 12, ' 200', '+ 200', '+ 200', '+ 200', NULL, '200.00', 'other', NULL, NULL, 1);

-- --------------------------------------------------------

--
-- Table structure for table `ordering_items`
--

CREATE TABLE `ordering_items` (
  `id` int(10) UNSIGNED NOT NULL,
  `date` date NOT NULL,
  `billing_no` tinyint(4) NOT NULL,
  `ordering_no` tinyint(4) NOT NULL,
  `menu_id` int(11) NOT NULL,
  `quantity` int(11) NOT NULL,
  `price` decimal(7,2) NOT NULL,
  `time` time NOT NULL
) ENGINE=InnoDB DEFAULT CHARSET=utf8mb4;

--
-- Dumping data for table `ordering_items`
--

INSERT INTO `ordering_items` (`id`, `date`, `billing_no`, `ordering_no`, `menu_id`, `quantity`, `price`, `time`) VALUES
(1, '2016-05-14', 1, 1, 1, 1, '450.00', '18:45:50'),
(2, '2016-05-14', 1, 1, 46, 1, '650.00', '18:45:50'),
(3, '2016-05-14', 2, 1, 1, 1, '450.00', '18:45:51'),
(4, '2016-05-14', 2, 1, 44, 1, '800.00', '18:45:51'),
(5, '2016-05-14', 2, 1, 46, 1, '650.00', '18:45:51'),
(6, '2016-05-14', 3, 1, 17, 1, '300.00', '19:15:07'),
(7, '2016-05-14', 3, 1, 32, 1, '400.00', '19:15:07'),
(8, '2016-05-14', 3, 1, 48, 1, '800.00', '19:15:07'),
(9, '2016-05-14', 3, 1, 54, 2, '950.00', '19:15:07'),
(10, '2016-05-14', 4, 1, 19, 1, '400.00', '19:33:45'),
(11, '2016-05-14', 4, 1, 35, 1, '500.00', '19:33:45'),
(12, '2016-05-14', 4, 1, 57, 1, '950.00', '19:33:45'),
(13, '2016-05-14', 5, 1, 19, 1, '400.00', '19:33:46'),
(14, '2016-05-14', 5, 1, 35, 1, '500.00', '19:33:46'),
(15, '2016-05-14', 5, 1, 57, 1, '950.00', '19:33:46'),
(16, '2016-05-14', 6, 2, 35, 1, '500.00', '19:44:09'),
(17, '2016-05-14', 6, 2, 55, 1, '950.00', '19:44:09'),
(18, '2016-05-14', 6, 2, 75, 1, '1100.00', '19:44:09'),
(19, '2016-05-14', 7, 1, 57, 1, '950.00', '19:52:56'),
(20, '2016-05-14', 7, 1, 62, 1, '850.00', '19:52:56'),
(21, '2016-05-14', 7, 1, 75, 1, '1100.00', '19:52:56'),
(22, '2016-05-14', 7, 2, 14, 1, '650.00', '20:04:22'),
(23, '2016-05-14', 7, 2, 30, 1, '400.00', '20:04:22'),
(24, '2016-05-14', 8, 1, 142, 1, '750.00', '20:04:55'),
(25, '2016-05-14', 9, 1, 55, 1, '950.00', '20:11:54'),
(26, '2016-05-14', 10, 1, 1, 2, '450.00', '20:20:14'),
(27, '2016-05-14', 10, 1, 39, 1, '750.00', '20:20:14'),
(28, '2016-05-14', 10, 1, 49, 1, '550.00', '20:20:14'),
(29, '2016-05-14', 7, 3, 81, 1, '350.00', '20:34:12'),
(30, '2016-05-14', 7, 3, 82, 1, '450.00', '20:34:12'),
(31, '2016-05-14', 10, 2, 37, 1, '700.00', '20:34:43'),
(32, '2016-05-14', 10, 3, 1, 1, '450.00', '20:44:12'),
(33, '2016-05-14', 10, 3, 4, 1, '600.00', '20:44:12'),
(34, '2016-05-14', 11, 1, 35, 1, '500.00', '20:45:56'),
(35, '2016-05-14', 11, 1, 58, 2, '900.00', '20:45:56'),
(36, '2016-05-14', 10, 4, 3, 1, '600.00', '21:05:51'),
(37, '2016-05-14', 10, 4, 4, 1, '600.00', '21:05:51'),
(38, '2016-05-14', 10, 4, 35, 1, '500.00', '21:05:51'),
(39, '2016-05-14', 10, 5, 14, 2, '650.00', '21:37:06'),
(40, '2016-05-14', 10, 5, 58, 1, '900.00', '21:37:06'),
(41, '2016-05-14', 12, 1, 1, 1, '450.00', '21:53:56'),
(42, '2016-05-14', 12, 1, 7, 1, '450.00', '21:53:56'),
(43, '2016-05-14', 12, 1, 35, 1, '500.00', '21:53:56'),
(44, '2016-05-14', 12, 1, 37, 1, '700.00', '21:53:56'),
(45, '2016-05-14', 12, 1, 69, 1, '950.00', '21:53:56'),
(46, '2016-05-14', 12, 1, 70, 1, '950.00', '21:53:56'),
(47, '2016-05-14', 13, 1, 5, 2, '600.00', '22:14:44'),
(48, '2016-05-14', 13, 1, 35, 1, '500.00', '22:14:44'),
(49, '2016-05-14', 13, 1, 39, 1, '750.00', '22:14:44'),
(50, '2016-05-14', 13, 1, 64, 1, '850.00', '22:14:44'),
(51, '2016-05-14', 12, 2, 81, 1, '350.00', '22:40:29'),
(52, '2016-05-15', 1, 1, 110, 1, '900.00', '11:16:43'),
(53, '2016-05-15', 1, 1, 111, 1, '850.00', '11:16:43'),
(54, '2016-05-15', 1, 1, 113, 1, '900.00', '11:16:43'),
(55, '2016-05-15', 1, 1, 117, 1, '500.00', '11:16:43'),
(56, '2016-05-15', 1, 1, 118, 1, '550.00', '11:16:43'),
(57, '2016-05-15', 2, 1, 139, 1, '800.00', '12:33:26'),
(58, '2016-05-15', 2, 1, 140, 1, '650.00', '12:33:26'),
(59, '2016-05-15', 3, 1, 118, 1, '550.00', '12:36:43'),
(60, '2016-05-15', 4, 1, 112, 1, '850.00', '12:45:12'),
(61, '2016-05-15', 5, 1, 98, 1, '800.00', '12:48:30'),
(62, '2016-05-15', 5, 1, 112, 1, '850.00', '12:48:30'),
(63, '2016-05-15', 5, 1, 118, 1, '550.00', '12:48:30'),
(64, '2016-05-15', 5, 1, 119, 1, '100.00', '12:48:30'),
(65, '2016-05-15', 6, 1, 111, 2, '850.00', '12:56:24'),
(66, '2016-05-15', 6, 1, 137, 2, '550.00', '12:56:24'),
(67, '2016-05-15', 7, 1, 112, 1, '850.00', '12:56:49'),
(68, '2016-05-15', 6, 2, 119, 1, '100.00', '13:04:29'),
(69, '2016-05-15', 6, 2, 137, 2, '550.00', '13:04:29'),
(70, '2016-05-15', 8, 1, 110, 1, '900.00', '13:06:20'),
(71, '2016-05-15', 6, 3, 117, 1, '500.00', '13:08:45'),
(72, '2016-05-15', 9, 1, 110, 1, '900.00', '13:13:19'),
(73, '2016-05-15', 9, 1, 113, 1, '900.00', '13:13:19'),
(74, '2016-05-15', 5, 2, 119, 1, '100.00', '13:16:19'),
(75, '2016-05-15', 10, 1, 138, 1, '650.00', '13:48:22'),
(76, '2016-05-15', 11, 1, 138, 1, '650.00', '13:50:07'),
(77, '2016-05-15', 11, 1, 142, 1, '750.00', '13:50:07'),
(78, '2016-05-15', 11, 1, 143, 1, '750.00', '13:50:07'),
(79, '2016-05-15', 12, 1, 109, 1, '1100.00', '14:03:22'),
(80, '2016-05-15', 12, 1, 110, 1, '900.00', '14:03:22'),
(81, '2016-05-15', 12, 1, 113, 1, '900.00', '14:03:22'),
(82, '2016-05-15', 12, 1, 119, 1, '100.00', '14:03:22'),
(83, '2016-05-15', 12, 1, 125, 1, '400.00', '14:03:22'),
(84, '2016-05-15', 12, 1, 137, 2, '550.00', '14:03:22'),
(85, '2016-05-15', 13, 1, 109, 1, '1100.00', '14:05:13'),
(86, '2016-05-15', 13, 1, 110, 1, '900.00', '14:05:13'),
(87, '2016-05-15', 13, 1, 113, 1, '900.00', '14:05:13'),
(88, '2016-05-15', 13, 1, 119, 1, '100.00', '14:05:13'),
(89, '2016-05-15', 13, 1, 137, 2, '550.00', '14:05:13'),
(90, '2016-05-15', 14, 1, 110, 1, '900.00', '14:06:29'),
(91, '2016-05-15', 14, 1, 113, 1, '900.00', '14:06:29'),
(92, '2016-05-15', 14, 1, 137, 1, '550.00', '14:06:29'),
(93, '2016-05-15', 15, 1, 110, 1, '900.00', '14:26:16'),
(94, '2016-05-15', 15, 1, 113, 1, '900.00', '14:26:16'),
(95, '2016-05-15', 16, 1, 142, 1, '750.00', '14:47:27'),
(96, '2016-05-15', 17, 1, 57, 1, '950.00', '17:05:01'),
(97, '2016-05-15', 17, 2, 80, 1, '300.00', '17:23:18'),
(98, '2016-05-16', 1, 1, 110, 1, '900.00', '11:06:30'),
(99, '2016-05-16', 1, 1, 111, 1, '850.00', '11:06:30'),
(100, '2016-05-16', 1, 1, 112, 1, '850.00', '11:06:30'),
(101, '2016-05-16', 1, 1, 113, 1, '900.00', '11:06:30'),
(102, '2016-05-16', 1, 1, 114, 1, '950.00', '11:06:30'),
(103, '2016-05-16', 1, 1, 116, 1, '250.00', '11:06:30'),
(104, '2016-05-16', 1, 1, 117, 1, '500.00', '11:06:30'),
(105, '2016-05-16', 1, 1, 118, 1, '550.00', '11:06:30'),
(106, '2016-05-16', 1, 1, 119, 1, '100.00', '11:06:30'),
(107, '2016-05-16', 1, 1, 146, 1, '850.00', '11:06:30'),
(108, '2016-05-16', 2, 1, 110, 1, '900.00', '11:11:30'),
(109, '2016-05-16', 2, 1, 111, 1, '850.00', '11:11:30'),
(110, '2016-05-16', 2, 1, 112, 1, '850.00', '11:11:30'),
(111, '2016-05-16', 2, 1, 113, 1, '900.00', '11:11:30'),
(112, '2016-05-16', 2, 1, 114, 1, '950.00', '11:11:30'),
(113, '2016-05-16', 2, 1, 116, 1, '250.00', '11:11:30'),
(114, '2016-05-16', 2, 1, 117, 1, '500.00', '11:11:30'),
(115, '2016-05-16', 2, 1, 118, 1, '550.00', '11:11:30'),
(116, '2016-05-16', 2, 1, 119, 1, '100.00', '11:11:30'),
(117, '2016-05-16', 2, 1, 146, 1, '850.00', '11:11:30'),
(118, '2016-05-16', 4, 1, 117, 1, '500.00', '11:22:57'),
(119, '2016-05-16', 4, 1, 118, 1, '550.00', '11:22:57'),
(120, '2016-05-16', 4, 1, 137, 2, '550.00', '11:22:57'),
(121, '2016-05-16', 4, 2, 4, 2, '600.00', '11:42:44'),
(122, '2016-05-16', 5, 1, 138, 1, '650.00', '11:44:00'),
(123, '2016-05-16', 5, 1, 142, 2, '750.00', '11:44:00'),
(124, '2016-05-16', 4, 3, 109, 1, '1100.00', '11:45:07'),
(125, '2016-05-16', 4, 3, 113, 1, '900.00', '11:45:07'),
(126, '2016-05-16', 6, 1, 138, 1, '650.00', '11:49:39'),
(127, '2016-05-16', 6, 1, 142, 1, '750.00', '11:49:39'),
(128, '2016-05-16', 7, 1, 142, 1, '750.00', '11:54:51'),
(129, '2016-05-16', 8, 1, 91, 1, '800.00', '11:59:21'),
(130, '2016-05-16', 8, 1, 117, 1, '500.00', '11:59:21'),
(131, '2016-05-16', 9, 1, 91, 1, '800.00', '12:14:35'),
(132, '2016-05-16', 10, 1, 110, 1, '900.00', '12:22:44'),
(133, '2016-05-16', 10, 1, 112, 1, '850.00', '12:22:44'),
(134, '2016-05-16', 10, 1, 114, 1, '950.00', '12:22:44'),
(135, '2016-05-16', 11, 1, 91, 1, '800.00', '12:24:15'),
(136, '2016-05-16', 11, 1, 113, 1, '900.00', '12:24:15'),
(137, '2016-05-16', 12, 1, 112, 1, '850.00', '12:33:08'),
(138, '2016-05-16', 13, 1, 112, 1, '850.00', '12:33:35'),
(139, '2016-05-16', 14, 1, 119, 1, '100.00', '13:03:09'),
(140, '2016-05-16', 14, 1, 143, 1, '750.00', '13:03:09'),
(141, '2016-05-16', 15, 1, 110, 1, '900.00', '13:10:52'),
(142, '2016-05-16', 15, 1, 117, 1, '500.00', '13:10:52'),
(143, '2016-05-16', 15, 1, 118, 1, '550.00', '13:10:52'),
(144, '2016-05-16', 15, 1, 146, 1, '850.00', '13:10:52'),
(145, '2016-05-16', 15, 1, 137, 1, '550.00', '13:10:52'),
(146, '2016-05-16', 16, 1, 113, 1, '900.00', '13:11:41'),
(147, '2016-05-16', 17, 1, 138, 1, '650.00', '13:12:24'),
(148, '2016-05-16', 17, 1, 142, 1, '750.00', '13:12:24'),
(149, '2016-05-16', 15, 2, 119, 1, '100.00', '13:21:50'),
(150, '2016-05-16', 18, 1, 117, 1, '500.00', '13:24:18'),
(151, '2016-05-16', 18, 1, 146, 1, '850.00', '13:24:18'),
(152, '2016-05-16', 15, 3, 137, 1, '550.00', '13:30:00'),
(153, '2016-05-16', 15, 4, 137, 1, '550.00', '13:51:43'),
(154, '2016-05-16', 19, 1, 112, 1, '850.00', '13:53:35'),
(155, '2016-05-16', 19, 1, 119, 1, '100.00', '13:53:35'),
(156, '2016-05-16', 19, 2, 119, 1, '100.00', '14:01:25'),
(157, '2016-05-16', 20, 1, 112, 1, '850.00', '14:03:12'),
(158, '2016-05-16', 20, 1, 119, 1, '100.00', '14:03:12'),
(159, '2016-05-16', 3, 2, 109, 1, '1100.00', '17:49:21'),
(160, '2016-05-16', 21, 1, 74, 1, '750.00', '18:32:16'),
(161, '2016-05-16', 22, 1, 20, 1, '400.00', '18:44:42'),
(162, '2016-05-16', 22, 1, 47, 1, '750.00', '18:44:42'),
(163, '2016-05-16', 22, 1, 69, 1, '950.00', '18:44:42'),
(164, '2016-05-16', 23, 1, 1, 1, '450.00', '18:58:27'),
(165, '2016-05-16', 23, 1, 47, 1, '750.00', '18:58:27'),
(166, '2016-05-16', 23, 1, 49, 1, '550.00', '18:58:27'),
(167, '2016-05-16', 24, 1, 1, 1, '450.00', '19:06:42'),
(168, '2016-05-16', 24, 1, 22, 1, '400.00', '19:06:42'),
(169, '2016-05-16', 24, 1, 46, 1, '650.00', '19:06:42'),
(170, '2016-05-16', 24, 1, 47, 1, '750.00', '19:06:42'),
(171, '2016-05-16', 24, 1, 49, 1, '550.00', '19:06:42'),
(172, '2016-05-16', 24, 1, 54, 1, '950.00', '19:06:42'),
(173, '2016-05-16', 25, 1, 1, 2, '450.00', '19:09:30'),
(174, '2016-05-16', 25, 1, 37, 1, '700.00', '19:09:30'),
(175, '2016-05-16', 25, 1, 40, 1, '750.00', '19:09:30'),
(176, '2016-05-16', 25, 1, 53, 1, '650.00', '19:09:30'),
(177, '2016-05-16', 25, 2, 46, 1, '650.00', '19:09:46'),
(178, '2016-05-16', 26, 1, 54, 1, '950.00', '19:20:37'),
(179, '2016-05-16', 27, 1, 50, 1, '750.00', '19:21:00'),
(180, '2016-05-16', 27, 1, 54, 1, '950.00', '19:21:00'),
(181, '2016-05-16', 25, 3, 69, 1, '950.00', '19:32:53'),
(182, '2016-05-16', 25, 3, 71, 1, '1000.00', '19:32:53'),
(183, '2016-05-16', 25, 3, 75, 1, '1100.00', '19:32:53'),
(184, '2016-05-16', 26, 2, 1, 1, '450.00', '19:37:00'),
(185, '2016-05-16', 25, 4, 1, 2, '450.00', '19:43:04'),
(186, '2016-05-16', 25, 5, 90, 1, '200.00', '19:44:48'),
(187, '2016-05-16', 27, 2, 1, 1, '450.00', '19:52:36'),
(188, '2016-05-16', 28, 1, 1, 1, '450.00', '19:54:11'),
(189, '2016-05-16', 28, 1, 41, 1, '650.00', '19:54:11'),
(190, '2016-05-16', 28, 1, 46, 1, '650.00', '19:54:11'),
(191, '2016-05-16', 28, 1, 50, 1, '750.00', '19:54:11'),
(192, '2016-05-16', 28, 1, 63, 1, '850.00', '19:54:11'),
(193, '2016-05-16', 28, 1, 71, 1, '1000.00', '19:54:11'),
(194, '2016-05-16', 28, 2, 1, 1, '450.00', '20:10:45'),
(195, '2016-05-16', 28, 3, 41, 1, '650.00', '20:17:25'),
(196, '2016-05-16', 27, 3, 54, 1, '950.00', '20:20:38'),
(197, '2016-05-16', 27, 4, 2, 1, '600.00', '20:25:22'),
(198, '2016-05-16', 27, 5, 1, 1, '450.00', '20:27:05'),
(199, '2016-05-16', 28, 4, 1, 1, '450.00', '20:27:16'),
(200, '2016-05-16', 29, 1, 138, 1, '650.00', '20:52:58'),
(201, '2016-05-16', 30, 1, 51, 1, '850.00', '21:30:20'),
(202, '2016-05-16', 30, 1, 74, 1, '750.00', '21:30:20'),
(203, '2016-05-16', 30, 2, 47, 1, '750.00', '21:43:14'),
(204, '2016-05-17', 1, 1, 111, 1, '850.00', '11:35:56'),
(205, '2016-05-17', 1, 1, 146, 1, '850.00', '11:35:56'),
(206, '2016-05-17', 2, 1, 113, 1, '900.00', '11:53:37'),
(207, '2016-05-17', 3, 1, 91, 1, '800.00', '12:08:41'),
(208, '2016-05-17', 3, 1, 112, 1, '850.00', '12:08:41'),
(209, '2016-05-17', 4, 1, 113, 1, '900.00', '12:09:07'),
(210, '2016-05-17', 5, 1, 110, 1, '900.00', '12:16:14'),
(211, '2016-05-17', 5, 1, 113, 1, '900.00', '12:16:14'),
(212, '2016-05-17', 6, 1, 98, 1, '800.00', '12:16:54'),
(213, '2016-05-17', 7, 1, 94, 1, '800.00', '12:17:21'),
(214, '2016-05-17', 8, 1, 110, 1, '900.00', '12:35:29'),
(215, '2016-05-17', 9, 1, 138, 1, '650.00', '13:23:29'),
(216, '2016-05-17', 10, 1, 146, 1, '850.00', '14:39:38'),
(217, '2016-05-17', 10, 1, 127, 1, '400.00', '14:39:38'),
(218, '2016-05-17', 11, 1, 113, 1, '900.00', '14:41:33'),
(219, '2016-05-17', 12, 1, 146, 1, '850.00', '14:42:09'),
(220, '2016-05-17', 11, 2, 119, 1, '100.00', '14:45:03'),
(221, '2016-05-17', 13, 1, 33, 2, '400.00', '17:37:05'),
(222, '2016-05-17', 13, 1, 39, 1, '750.00', '17:37:05'),
(223, '2016-05-17', 13, 1, 48, 1, '800.00', '17:37:05'),
(224, '2016-05-17', 13, 1, 72, 1, '900.00', '17:37:05'),
(225, '2016-05-17', 13, 1, 75, 1, '1100.00', '17:37:05'),
(226, '2016-05-17', 13, 2, 49, 1, '550.00', '17:59:02'),
(227, '2016-05-17', 14, 1, 37, 1, '700.00', '18:34:33'),
(228, '2016-05-17', 14, 1, 43, 1, '750.00', '18:34:33'),
(229, '2016-05-17', 14, 1, 47, 1, '750.00', '18:34:33'),
(230, '2016-05-17', 14, 1, 48, 1, '800.00', '18:34:33'),
(231, '2016-05-17', 14, 1, 69, 1, '950.00', '18:34:33'),
(232, '2016-05-17', 15, 1, 138, 1, '650.00', '19:00:30'),
(233, '2016-05-17', 15, 1, 144, 1, '700.00', '19:00:30'),
(234, '2016-05-17', 14, 2, 3, 2, '600.00', '19:11:24'),
(235, '2016-05-17', 14, 2, 28, 2, '400.00', '19:11:24'),
(236, '2016-05-17', 14, 2, 87, 1, '950.00', '19:11:24'),
(237, '2016-05-17', 14, 3, 83, 1, '450.00', '19:40:04'),
(238, '2016-05-17', 16, 1, 138, 1, '650.00', '19:46:08'),
(239, '2016-05-17', 17, 1, 1, 2, '450.00', '20:07:07'),
(240, '2016-05-17', 17, 1, 37, 1, '700.00', '20:07:07'),
(241, '2016-05-17', 17, 1, 44, 1, '800.00', '20:07:07'),
(242, '2016-05-17', 17, 1, 47, 1, '750.00', '20:07:07'),
(243, '2016-05-17', 18, 1, 11, 1, '600.00', '20:16:28'),
(244, '2016-05-17', 18, 1, 59, 1, '800.00', '20:16:28'),
(245, '2016-05-17', 17, 2, 14, 1, '650.00', '20:19:58'),
(246, '2016-05-17', 17, 3, 15, 1, '550.00', '20:28:14'),
(247, '2016-05-17', 17, 4, 14, 1, '650.00', '20:44:20'),
(248, '2016-05-17', 17, 4, 28, 1, '400.00', '20:44:20'),
(249, '2016-05-17', 17, 4, 56, 1, '850.00', '20:44:20'),
(250, '2016-05-17', 19, 1, 13, 1, '450.00', '20:47:24'),
(251, '2016-05-17', 19, 1, 35, 1, '500.00', '20:47:24'),
(252, '2016-05-17', 19, 1, 62, 1, '850.00', '20:47:24'),
(253, '2016-05-17', 19, 1, 71, 1, '1000.00', '20:47:24'),
(254, '2016-05-17', 20, 1, 44, 1, '800.00', '20:49:53'),
(255, '2016-05-17', 20, 1, 68, 1, '750.00', '20:49:53'),
(256, '2016-05-17', 17, 5, 35, 1, '500.00', '20:59:05'),
(257, '2016-05-17', 21, 1, 1, 2, '450.00', '21:04:07'),
(258, '2016-05-17', 21, 1, 37, 1, '700.00', '21:04:07'),
(259, '2016-05-17', 21, 1, 49, 1, '550.00', '21:04:07'),
(260, '2016-05-17', 22, 1, 69, 1, '950.00', '21:12:29'),
(261, '2016-05-17', 21, 2, 1, 1, '450.00', '21:15:15'),
(262, '2016-05-17', 21, 3, 38, 1, '750.00', '21:29:17'),
(263, '2016-05-17', 21, 3, 54, 1, '950.00', '21:29:17'),
(264, '2016-05-17', 21, 4, 1, 1, '450.00', '21:32:08'),
(265, '2016-05-17', 23, 1, 61, 1, '950.00', '21:33:02'),
(266, '2016-05-17', 24, 1, 139, 1, '800.00', '21:35:17'),
(267, '2016-05-17', 21, 5, 1, 1, '450.00', '21:39:36'),
(268, '2016-05-17', 25, 1, 7, 2, '450.00', '21:52:33'),
(269, '2016-05-17', 25, 1, 53, 1, '650.00', '21:52:33'),
(270, '2016-05-17', 25, 1, 75, 1, '1100.00', '21:52:33'),
(271, '2016-05-17', 21, 6, 1, 1, '450.00', '21:55:55'),
(272, '2016-05-17', 25, 2, 1, 1, '450.00', '22:15:14'),
(273, '2016-05-17', 25, 2, 3, -1, '600.00', '22:15:14'),
(274, '2016-05-17', 25, 2, 8, 2, '450.00', '22:15:14'),
(275, '2016-05-17', 23, 2, 81, 1, '350.00', '22:25:26'),
(276, '2016-05-18', 1, 1, 138, 4, '650.00', '11:51:29'),
(277, '2016-05-18', 1, 1, 143, 2, '750.00', '11:51:29'),
(278, '2016-05-18', 2, 1, 110, 1, '900.00', '12:18:13'),
(279, '2016-05-18', 3, 1, 110, 1, '900.00', '12:18:35'),
(280, '2016-05-18', 4, 1, 110, 2, '900.00', '12:25:57'),
(281, '2016-05-18', 4, 1, 111, 1, '850.00', '12:25:57'),
(282, '2016-05-18', 4, 1, 112, 1, '850.00', '12:25:57'),
(283, '2016-05-18', 4, 1, 114, 1, '950.00', '12:25:57'),
(284, '2016-05-18', 5, 1, 119, 1, '100.00', '12:32:09'),
(285, '2016-05-18', 5, 1, 146, 1, '850.00', '12:32:09'),
(286, '2016-05-18', 5, 1, 135, 1, '400.00', '12:32:09'),
(287, '2016-05-18', 6, 1, 101, 1, '900.00', '12:36:02'),
(288, '2016-05-18', 6, 1, 137, 1, '550.00', '12:36:02'),
(289, '2016-05-18', 7, 1, 97, 1, '800.00', '12:40:46'),
(290, '2016-05-18', 7, 1, 110, 1, '900.00', '12:40:46'),
(291, '2016-05-18', 6, 2, 14, 1, '650.00', '12:50:28'),
(292, '2016-05-18', 6, 3, 14, 1, '650.00', '13:01:08'),
(293, '2016-05-18', 8, 1, 103, 1, '900.00', '13:02:19'),
(294, '2016-05-18', 6, 4, 42, 1, '600.00', '13:10:03'),
(295, '2016-05-18', 6, 5, 14, 1, '650.00', '13:12:34'),
(296, '2016-05-18', 9, 1, 146, 1, '850.00', '13:13:50'),
(297, '2016-05-18', 10, 1, 112, 1, '850.00', '13:14:12'),
(298, '2016-05-18', 11, 1, 112, 1, '850.00', '13:15:49'),
(299, '2016-05-18', 12, 1, 114, 1, '950.00', '13:16:27'),
(300, '2016-05-18', 6, 6, 138, 1, '650.00', '13:45:18'),
(301, '2016-05-18', 13, 1, 139, 1, '800.00', '18:03:11'),
(302, '2016-05-18', 13, 1, 142, 1, '750.00', '18:03:11'),
(303, '2016-05-18', 14, 1, 36, 1, '650.00', '18:40:28'),
(304, '2016-05-18', 14, 1, 40, 1, '750.00', '18:40:28'),
(305, '2016-05-18', 14, 1, 42, 1, '600.00', '18:40:28'),
(306, '2016-05-18', 14, 1, 47, 1, '750.00', '18:40:28'),
(307, '2016-05-18', 14, 2, 3, 1, '600.00', '19:06:08'),
(308, '2016-05-18', 14, 2, 4, 2, '600.00', '19:06:08'),
(309, '2016-05-18', 15, 1, 7, 2, '450.00', '19:15:16'),
(310, '2016-05-18', 15, 1, 39, 1, '750.00', '19:15:16'),
(311, '2016-05-18', 16, 1, 57, 1, '950.00', '19:15:40'),
(312, '2016-05-18', 14, 3, 35, 1, '500.00', '19:17:48'),
(313, '2016-05-18', 14, 3, 37, 1, '700.00', '19:17:48'),
(314, '2016-05-18', 15, 2, 38, 1, '750.00', '19:19:35'),
(315, '2016-05-18', 14, 4, 3, 1, '600.00', '19:30:36'),
(316, '2016-05-18', 15, 3, 7, 2, '450.00', '19:32:34'),
(317, '2016-05-18', 17, 1, 1, 1, '450.00', '19:33:27'),
(318, '2016-05-18', 17, 1, 3, 1, '600.00', '19:33:27'),
(319, '2016-05-18', 17, 1, 35, 1, '500.00', '19:33:27'),
(320, '2016-05-18', 17, 1, 47, 1, '750.00', '19:33:27'),
(321, '2016-05-18', 17, 1, 69, 1, '950.00', '19:33:27'),
(322, '2016-05-18', 17, 1, 75, 1, '1100.00', '19:33:27'),
(323, '2016-05-18', 14, 5, 3, 3, '600.00', '19:43:59'),
(324, '2016-05-18', 15, 4, 37, 1, '700.00', '19:44:18'),
(325, '2016-05-18', 15, 5, 7, 1, '450.00', '19:55:26'),
(326, '2016-05-18', 18, 1, 49, 1, '550.00', '20:15:26'),
(327, '2016-05-18', 18, 1, 72, 1, '900.00', '20:15:26'),
(328, '2016-05-18', 18, 2, 36, 1, '650.00', '20:18:35'),
(329, '2016-05-18', 19, 1, 47, 1, '750.00', '20:37:11'),
(330, '2016-05-18', 19, 1, 142, 1, '750.00', '20:37:11'),
(331, '2016-05-18', 20, 1, 8, 1, '450.00', '21:02:44'),
(332, '2016-05-18', 20, 1, 31, 1, '400.00', '21:02:44'),
(333, '2016-05-18', 20, 1, 57, 1, '950.00', '21:02:44'),
(334, '2016-05-18', 20, 1, 69, 1, '950.00', '21:02:44'),
(335, '2016-05-18', 21, 1, 69, 1, '950.00', '21:10:29'),
(336, '2016-05-18', 20, 2, 63, 1, '850.00', '21:13:12'),
(337, '2016-05-18', 20, 3, 36, 2, '650.00', '21:27:07'),
(338, '2016-05-18', 20, 3, 42, 2, '600.00', '21:27:07'),
(346, '2016-05-19', 1, 1, 3, 2, '600.00', '11:09:00'),
(347, '2016-05-19', 1, 1, 35, 1, '500.00', '11:09:00'),
(348, '2016-05-19', 1, 1, 42, 1, '600.00', '11:09:00'),
(349, '2016-05-19', 1, 1, 49, 1, '550.00', '11:09:00'),
(350, '2016-05-19', 1, 1, 69, 1, '950.00', '11:09:00'),
(351, '2016-05-19', 2, 1, 1, 2, '450.00', '11:10:29'),
(352, '2016-05-19', 2, 1, 43, 1, '750.00', '11:10:29'),
(353, '2016-05-19', 2, 1, 48, 1, '800.00', '11:10:29'),
(354, '2016-05-19', 3, 1, 3, 1, '600.00', '11:12:13'),
(355, '2016-05-19', 3, 1, 5, 1, '600.00', '11:12:13'),
(356, '2016-05-19', 3, 1, 38, 1, '750.00', '11:12:13'),
(357, '2016-05-19', 3, 1, 49, 1, '550.00', '11:12:13'),
(358, '2016-05-19', 2, 2, 65, 1, '650.00', '11:15:55'),
(359, '2016-05-19', 4, 1, 49, 1, '550.00', '11:23:21'),
(360, '2016-05-19', 4, 1, 142, 1, '750.00', '11:23:21'),
(361, '2016-05-19', 3, 2, 11, 1, '600.00', '11:28:09'),
(362, '2016-05-19', 3, 2, 65, 1, '650.00', '11:28:09'),
(363, '2016-05-19', 2, 3, 15, 1, '550.00', '11:35:54'),
(364, '2016-05-19', 2, 4, 15, 1, '550.00', '11:46:48'),
(365, '2016-05-19', 2, 5, 28, 1, '400.00', '11:47:15'),
(366, '2016-05-19', 2, 6, 40, 1, '750.00', '11:48:26'),
(367, '2016-05-19', 2, 7, 15, 1, '550.00', '11:56:56'),
(368, '2016-05-19', 5, 1, 3, 3, '600.00', '12:01:26'),
(369, '2016-05-19', 5, 1, 8, 1, '450.00', '12:01:26'),
(370, '2016-05-19', 5, 1, 37, 1, '700.00', '12:01:26'),
(371, '2016-05-19', 5, 1, 40, 1, '750.00', '12:01:26'),
(372, '2016-05-19', 5, 1, 42, 1, '600.00', '12:01:26'),
(373, '2016-05-19', 5, 1, 47, 1, '750.00', '12:01:26'),
(374, '2016-05-19', 2, 8, 15, 1, '550.00', '12:07:41'),
(375, '2016-05-19', 5, 2, 4, 2, '600.00', '12:27:26'),
(376, '2016-05-19', 5, 2, 11, 1, '600.00', '12:27:26'),
(377, '2016-05-19', 5, 2, 16, 1, '550.00', '12:27:26'),
(378, '2016-05-19', 5, 2, 35, 1, '500.00', '12:27:26'),
(379, '2016-05-19', 5, 2, 43, 1, '750.00', '12:27:26'),
(380, '2016-05-19', 6, 1, 139, 1, '800.00', '12:28:58'),
(381, '2016-05-19', 6, 1, 143, 1, '750.00', '12:28:58'),
(382, '2016-05-19', 7, 1, 138, 1, '650.00', '13:24:23'),
(383, '2016-05-19', 7, 1, 139, 1, '800.00', '13:24:23'),
(384, '2016-05-19', 7, 1, 141, 1, '800.00', '13:24:23'),
(385, '2016-05-19', 7, 1, 142, 1, '750.00', '13:24:23'),
(386, '2016-05-19', 7, 1, 143, 1, '750.00', '13:24:23'),
(387, '2016-05-19', 7, 1, 144, 1, '700.00', '13:24:23'),
(388, '2016-05-19', 8, 1, 138, 1, '650.00', '13:30:40'),
(389, '2016-05-19', 9, 1, 3, 3, '600.00', '13:38:34'),
(390, '2016-05-19', 9, 1, 4, 4, '600.00', '13:38:34'),
(391, '2016-05-19', 9, 1, 8, 1, '450.00', '13:38:34'),
(392, '2016-05-19', 9, 1, 11, 1, '600.00', '13:38:34'),
(393, '2016-05-19', 9, 1, 13, 2, '450.00', '13:38:34'),
(394, '2016-05-19', 9, 1, 16, 1, '550.00', '13:38:34'),
(395, '2016-05-19', 9, 1, 35, 1, '500.00', '13:38:34'),
(396, '2016-05-19', 9, 1, 37, 1, '700.00', '13:38:34'),
(397, '2016-05-19', 9, 1, 40, 1, '750.00', '13:38:34'),
(398, '2016-05-19', 9, 1, 42, 1, '600.00', '13:38:34'),
(399, '2016-05-19', 9, 1, 43, 1, '750.00', '13:38:34'),
(400, '2016-05-19', 9, 1, 57, 1, '950.00', '13:38:34'),
(401, '2016-05-19', 10, 1, 138, 2, '650.00', '13:41:18'),
(402, '2016-05-19', 11, 1, 113, 1, '900.00', '13:45:32'),
(403, '2016-05-19', 10, 2, 47, 1, '750.00', '13:47:02'),
(404, '2016-05-19', 12, 1, 138, 1, '650.00', '14:06:45'),
(405, '2016-05-19', 13, 1, 142, 1, '750.00', '14:14:02'),
(406, '2016-05-19', 14, 1, 138, 1, '650.00', '14:21:06'),
(407, '2016-05-19', 15, 1, 1, 2, '450.00', '14:25:49'),
(408, '2016-05-19', 15, 1, 48, 1, '800.00', '14:25:49'),
(409, '2016-05-19', 15, 1, 75, 1, '1100.00', '14:25:49'),
(410, '2016-05-19', 15, 2, 63, 1, '850.00', '14:27:07'),
(411, '2016-05-19', 16, 1, 91, 1, '800.00', '14:28:02'),
(412, '2016-05-19', 15, 3, 35, 1, '500.00', '14:38:05'),
(413, '2016-05-19', 15, 4, 1, 1, '450.00', '14:47:20'),
(414, '2016-05-19', 15, 5, 14, 1, '650.00', '14:49:08'),
(415, '2016-05-19', 15, 6, 88, 1, '200.00', '15:01:29'),
(416, '2016-05-19', 17, 1, 138, 1, '650.00', '16:07:31'),
(417, '2016-05-20', 1, 1, 109, 1, '1100.00', '10:42:04'),
(418, '2016-05-20', 2, 1, 138, 2, '650.00', '10:56:57'),
(419, '2016-05-20', 3, 1, 139, 1, '800.00', '10:57:40'),
(420, '2016-05-20', 4, 1, 138, 1, '650.00', '10:58:21'),
(421, '2016-05-20', 4, 1, 139, 1, '800.00', '10:58:21'),
(422, '2016-05-20', 5, 1, 138, 1, '650.00', '10:59:16'),
(423, '2016-05-20', 5, 1, 144, 1, '700.00', '10:59:16'),
(424, '2016-05-20', 6, 1, 110, 1, '900.00', '11:01:37'),
(425, '2016-05-20', 7, 1, 35, 1, '500.00', '12:05:06'),
(426, '2016-05-20', 7, 1, 39, 1, '750.00', '12:05:06'),
(427, '2016-05-20', 7, 1, 42, 1, '600.00', '12:05:06'),
(428, '2016-05-20', 7, 2, 1, 1, '450.00', '12:05:50'),
(429, '2016-05-20', 7, 2, 13, 1, '450.00', '12:05:50'),
(430, '2016-05-20', 8, 1, 54, 1, '950.00', '12:15:52'),
(431, '2016-05-20', 8, 1, 59, 1, '800.00', '12:15:52'),
(432, '2016-05-20', 8, 1, 62, 1, '850.00', '12:15:52'),
(433, '2016-05-20', 9, 1, 54, 1, '950.00', '12:15:53'),
(434, '2016-05-20', 9, 1, 59, 1, '800.00', '12:15:53'),
(435, '2016-05-20', 9, 1, 62, 1, '850.00', '12:15:53'),
(436, '2016-05-20', 10, 1, 54, 1, '950.00', '12:17:07'),
(437, '2016-05-20', 11, 1, 3, 1, '600.00', '12:18:43'),
(438, '2016-05-20', 11, 1, 48, 1, '800.00', '12:18:43'),
(439, '2016-05-20', 11, 1, 57, 1, '950.00', '12:18:43'),
(440, '2016-05-20', 11, 1, 71, 1, '1000.00', '12:18:43'),
(441, '2016-05-20', 7, 3, 6, 1, '600.00', '12:26:05'),
(442, '2016-05-20', 7, 3, 13, 1, '450.00', '12:26:05'),
(443, '2016-05-20', 7, 4, 46, 1, '650.00', '12:26:33'),
(444, '2016-05-20', 7, 5, 47, 1, '750.00', '12:28:36'),
(445, '2016-05-20', 7, 6, 7, 1, '450.00', '12:42:56'),
(446, '2016-05-20', 7, 7, 7, 1, '450.00', '12:54:52'),
(447, '2016-05-20', 7, 7, 13, 1, '450.00', '12:54:52'),
(448, '2016-05-20', 13, 1, 138, 1, '650.00', '12:59:13'),
(449, '2016-05-20', 7, 8, 3, 1, '600.00', '13:13:21'),
(450, '2016-05-20', 7, 8, 7, 1, '450.00', '13:13:21'),
(451, '2016-05-20', 7, 8, 59, 1, '800.00', '13:13:21'),
(452, '2016-05-20', 14, 1, 70, 1, '950.00', '13:15:04'),
(453, '2016-05-20', 15, 1, 47, 1, '750.00', '13:18:01'),
(454, '2016-05-20', 15, 1, 54, 2, '950.00', '13:18:01'),
(455, '2016-05-20', 15, 1, 57, 1, '950.00', '13:18:01'),
(456, '2016-05-20', 16, 1, 72, 1, '950.00', '13:18:34'),
(457, '2016-05-20', 17, 1, 1, 1, '450.00', '13:24:45'),
(458, '2016-05-20', 17, 1, 41, 1, '650.00', '13:24:45'),
(459, '2016-05-20', 17, 1, 57, 1, '950.00', '13:24:45'),
(460, '2016-05-20', 7, 9, 7, 1, '450.00', '13:32:07'),
(461, '2016-05-20', 18, 1, 35, 1, '500.00', '13:32:38'),
(462, '2016-05-20', 18, 1, 53, 1, '650.00', '13:32:38'),
(463, '2016-05-20', 18, 1, 59, 1, '800.00', '13:32:38'),
(464, '2016-05-20', 19, 1, 54, 1, '950.00', '13:36:08'),
(465, '2016-05-20', 19, 2, 3, 1, '600.00', '13:38:53'),
(466, '2016-05-20', 20, 1, 58, 1, '900.00', '14:03:26'),
(467, '2016-05-20', 21, 1, 1, 1, '450.00', '14:03:45'),
(468, '2016-05-20', 21, 1, 54, 1, '950.00', '14:03:45'),
(469, '2016-05-20', 20, 2, 90, 1, '200.00', '14:06:14'),
(470, '2016-05-20', 22, 1, 139, 1, '800.00', '14:18:31'),
(471, '2016-05-20', 23, 1, 138, 1, '650.00', '14:33:43'),
(472, '2016-05-21', 1, 1, 112, 1, '850.00', '04:29:53'),
(473, '2016-05-21', 1, 1, 8, 2, '450.00', '04:29:53'),
(474, '2016-05-21', 1, 1, 36, 1, '650.00', '04:29:53'),
(475, '2016-05-21', 2, 1, 110, 1, '900.00', '04:37:10'),
(476, '2016-05-21', 2, 1, 118, 1, '550.00', '04:37:10'),
(477, '2016-05-21', 2, 1, 146, 1, '850.00', '04:37:10'),
(478, '2016-05-21', 2, 1, 134, 1, '400.00', '04:37:10'),
(479, '2016-05-21', 2, 1, 82, 1, '450.00', '04:37:10'),
(480, '2016-05-21', 3, 1, 113, 1, '900.00', '04:43:47'),
(481, '2016-05-21', 2, 2, 82, -1, '450.00', '04:54:22'),
(482, '2016-05-21', 2, 3, 82, -1, '450.00', '04:54:23'),
(483, '2016-05-21', 2, 4, 136, 1, '450.00', '04:55:04'),
(484, '2016-05-21', 1, 2, 9, 1, '450.00', '04:56:00'),
(485, '2016-05-21', 1, 2, 16, 1, '550.00', '04:56:00'),
(486, '2016-05-21', 1, 3, 58, 1, '900.00', '04:57:01'),
(487, '2016-05-21', 4, 1, 92, 1, '800.00', '04:57:31'),
(488, '2016-05-21', 5, 1, 91, 1, '800.00', '05:14:50'),
(489, '2016-05-21', 6, 1, 142, 1, '750.00', '05:15:21'),
(490, '2016-05-21', 6, 1, 143, 1, '750.00', '05:15:21'),
(491, '2016-05-21', 7, 1, 110, 1, '900.00', '05:39:37'),
(492, '2016-05-21', 7, 1, 113, 1, '900.00', '05:39:37'),
(493, '2016-05-21', 7, 1, 117, 1, '500.00', '05:39:37'),
(494, '2016-05-21', 8, 1, 113, 1, '900.00', '05:40:58'),
(495, '2016-05-21', 8, 1, 146, 1, '850.00', '05:40:58'),
(496, '2016-05-21', 9, 1, 91, 1, '800.00', '06:16:45'),
(497, '2016-05-21', 9, 1, 117, 1, '500.00', '06:16:45'),
(498, '2016-05-21', 9, 1, 1, 2, '450.00', '06:16:45'),
(499, '2016-05-21', 10, 1, 35, 1, '500.00', '06:35:49'),
(500, '2016-05-21', 10, 1, 138, 1, '650.00', '06:35:49'),
(501, '2016-05-21', 11, 1, 112, 1, '850.00', '06:39:03'),
(502, '2016-05-21', 12, 1, 110, 1, '900.00', '06:40:50'),
(503, '2016-05-21', 12, 1, 146, 1, '850.00', '06:40:50'),
(504, '2016-05-21', 13, 1, 113, 1, '900.00', '06:47:14'),
(505, '2016-05-21', 14, 1, 97, 1, '800.00', '06:48:13'),
(506, '2016-05-21', 14, 1, 111, 1, '850.00', '06:48:13'),
(507, '2016-05-21', 15, 1, 110, 1, '900.00', '07:10:39'),
(508, '2016-05-21', 15, 1, 117, 1, '500.00', '07:10:39'),
(509, '2016-05-21', 15, 1, 5, 1, '600.00', '07:10:39'),
(510, '2016-05-21', 15, 2, 5, 1, '600.00', '07:11:59'),
(511, '2016-05-21', 16, 1, 146, 1, '850.00', '07:25:46'),
(512, '2016-05-21', 17, 1, 110, 2, '900.00', '07:26:29'),
(513, '2016-05-21', 17, 1, 113, 1, '900.00', '07:26:29'),
(514, '2016-05-21', 17, 1, 117, 1, '500.00', '07:26:29'),
(515, '2016-05-21', 17, 2, 117, -1, '500.00', '07:26:51'),
(516, '2016-05-21', 17, 2, 118, 1, '550.00', '07:26:51'),
(517, '2016-05-21', 18, 1, 138, 2, '650.00', '07:51:01'),
(518, '2016-05-21', 19, 1, 138, 1, '650.00', '09:03:20'),
(519, '2016-05-21', 20, 1, 138, 2, '650.00', '09:05:01'),
(520, '2016-05-21', 21, 1, 138, 1, '650.00', '10:27:37'),
(521, '2016-05-21', 21, 1, 143, 1, '750.00', '10:27:37'),
(522, '2016-05-21', 22, 1, 138, 1, '650.00', '10:39:06'),
(523, '2016-05-21', 22, 1, 142, 1, '750.00', '10:39:06'),
(524, '2016-05-21', 22, 1, 143, 1, '750.00', '10:39:06'),
(525, '2016-05-21', 23, 1, 28, 1, '400.00', '10:55:40'),
(526, '2016-05-21', 23, 1, 31, 1, '400.00', '10:55:40'),
(527, '2016-05-21', 23, 1, 58, 1, '900.00', '10:55:40'),
(528, '2016-05-21', 23, 1, 69, 1, '950.00', '10:55:40'),
(529, '2016-05-21', 24, 1, 1, 2, '450.00', '11:04:15'),
(530, '2016-05-21', 24, 1, 58, 1, '900.00', '11:04:15'),
(531, '2016-05-21', 24, 1, 63, 1, '850.00', '11:04:15'),
(532, '2016-05-21', 25, 1, 138, 2, '650.00', '12:08:35'),
(533, '2016-05-21', 25, 1, 139, 1, '800.00', '12:08:35'),
(534, '2016-05-21', 26, 1, 62, 1, '850.00', '12:09:33'),
(535, '2016-05-21', 27, 1, 138, 1, '650.00', '12:24:39'),
(536, '2016-05-21', 27, 1, 144, 1, '700.00', '12:24:39'),
(537, '2016-05-21', 28, 1, 1, 1, '450.00', '12:29:28'),
(538, '2016-05-21', 28, 1, 28, 1, '400.00', '12:29:28'),
(539, '2016-05-21', 28, 1, 38, 1, '750.00', '12:29:28'),
(540, '2016-05-21', 28, 1, 40, 1, '750.00', '12:29:28'),
(541, '2016-05-21', 28, 1, 43, 1, '750.00', '12:29:28'),
(542, '2016-05-21', 28, 1, 49, 1, '550.00', '12:29:28'),
(543, '2016-05-21', 28, 1, 54, 1, '950.00', '12:29:28'),
(544, '2016-05-21', 29, 1, 1, 1, '450.00', '12:30:43'),
(545, '2016-05-21', 29, 1, 58, 1, '900.00', '12:30:43'),
(546, '2016-05-21', 30, 1, 1, 2, '450.00', '12:31:37'),
(547, '2016-05-21', 30, 1, 36, 1, '650.00', '12:31:37'),
(548, '2016-05-21', 31, 1, 47, 1, '750.00', '12:35:36'),
(549, '2016-05-21', 30, 2, 49, 1, '550.00', '12:36:19'),
(550, '2016-05-21', 30, 2, 59, 1, '800.00', '12:36:19'),
(551, '2016-05-21', 31, 2, 58, 1, '900.00', '12:40:38'),
(552, '2016-05-21', 31, 2, 60, 1, '1050.00', '12:40:38'),
(553, '2016-05-21', 31, 2, 69, 1, '950.00', '12:40:38'),
(554, '2016-05-21', 28, 2, 1, 1, '450.00', '12:41:58'),
(555, '2016-05-21', 30, 3, 72, 1, '950.00', '12:43:56'),
(556, '2016-05-21', 30, 4, 1, 2, '450.00', '12:51:48'),
(557, '2016-05-21', 28, 3, 77, 1, '750.00', '13:00:27'),
(558, '2016-05-21', 28, 4, 14, 1, '650.00', '13:06:51'),
(559, '2016-05-21', 28, 4, 25, 1, '400.00', '13:06:51'),
(560, '2016-05-21', 30, 5, 1, 1, '450.00', '13:07:38'),
(561, '2016-05-21', 32, 1, 142, 2, '750.00', '13:10:51'),
(562, '2016-05-21', 33, 1, 43, 1, '750.00', '13:13:06'),
(563, '2016-05-21', 33, 1, 47, 1, '750.00', '13:13:06'),
(564, '2016-05-21', 33, 1, 54, 1, '950.00', '13:13:06'),
(565, '2016-05-21', 33, 1, 70, 1, '950.00', '13:13:06'),
(566, '2016-05-21', 34, 1, 72, 1, '950.00', '13:25:26'),
(567, '2016-05-21', 34, 2, 1, 1, '450.00', '13:25:36'),
(568, '2016-05-21', 30, 6, 1, 1, '450.00', '13:29:54'),
(569, '2016-05-21', 35, 1, 94, 1, '800.00', '14:01:06'),
(570, '2016-05-21', 35, 1, 141, 1, '800.00', '14:01:06'),
(571, '2016-05-21', 35, 1, 90, 1, '200.00', '14:01:06'),
(572, '2016-05-21', 35, 2, 90, 1, '200.00', '14:02:13'),
(573, '2016-05-21', 36, 1, 54, 1, '950.00', '14:04:18'),
(574, '2016-05-21', 36, 1, 69, 1, '950.00', '14:04:18'),
(575, '2016-05-21', 37, 1, 94, 1, '800.00', '14:32:11'),
(576, '2016-05-22', 1, 1, 91, 2, '800.00', '04:52:38'),
(577, '2016-05-22', 2, 1, 109, 1, '1100.00', '04:54:10'),
(578, '2016-05-22', 2, 1, 111, 1, '850.00', '04:54:10'),
(579, '2016-05-22', 3, 1, 112, 1, '850.00', '04:55:56'),
(580, '2016-05-22', 4, 1, 110, 1, '900.00', '04:56:46'),
(581, '2016-05-22', 4, 1, 114, 1, '950.00', '04:56:46'),
(582, '2016-05-22', 4, 1, 118, 1, '550.00', '04:56:46'),
(583, '2016-05-22', 4, 1, 146, 1, '850.00', '04:56:46'),
(584, '2016-05-22', 4, 1, 134, 2, '400.00', '04:56:46'),
(585, '2016-05-22', 5, 1, 110, 1, '900.00', '05:05:51'),
(586, '2016-05-22', 5, 1, 114, 1, '950.00', '05:05:51'),
(587, '2016-05-22', 6, 1, 3, 1, '600.00', '05:17:20'),
(588, '2016-05-22', 6, 1, 9, 1, '450.00', '05:17:20'),
(589, '2016-05-22', 6, 1, 53, 1, '650.00', '05:17:20'),
(590, '2016-05-22', 6, 2, 39, 1, '750.00', '05:24:11'),
(591, '2016-05-22', 7, 1, 58, 1, '900.00', '05:26:36'),
(592, '2016-05-22', 7, 1, 61, 1, '950.00', '05:26:36'),
(593, '2016-05-22', 6, 3, 9, 1, '450.00', '05:37:31'),
(594, '2016-05-22', 6, 3, 89, 1, '300.00', '05:37:31'),
(595, '2016-05-22', 8, 1, 95, 1, '800.00', '05:50:44'),
(596, '2016-05-22', 9, 1, 111, 1, '850.00', '05:59:28'),
(597, '2016-05-22', 10, 1, 110, 1, '900.00', '06:05:54'),
(598, '2016-05-22', 11, 1, 110, 1, '900.00', '06:19:54'),
(599, '2016-05-22', 11, 1, 118, 1, '550.00', '06:19:54'),
(600, '2016-05-22', 11, 1, 146, 1, '850.00', '06:19:54'),
(601, '2016-05-22', 12, 1, 110, 1, '900.00', '06:22:45'),
(602, '2016-05-22', 12, 1, 117, 1, '500.00', '06:22:45'),
(603, '2016-05-22', 12, 1, 118, 1, '550.00', '06:22:45'),
(604, '2016-05-22', 13, 1, 92, 1, '800.00', '06:48:21'),
(605, '2016-05-22', 13, 1, 110, 1, '900.00', '06:48:21'),
(606, '2016-05-22', 13, 1, 118, 1, '550.00', '06:48:21'),
(607, '2016-05-22', 14, 1, 110, 1, '900.00', '06:55:56'),
(608, '2016-05-22', 14, 1, 112, 1, '850.00', '06:55:56'),
(609, '2016-05-22', 14, 1, 54, 1, '950.00', '06:55:56'),
(610, '2016-05-22', 15, 1, 146, 1, '850.00', '07:22:51'),
(611, '2016-05-22', 15, 1, 127, 1, '400.00', '07:22:51'),
(612, '2016-05-22', 16, 1, 113, 1, '900.00', '07:23:58'),
(613, '2016-05-22', 16, 1, 117, 1, '500.00', '07:23:58'),
(614, '2016-05-22', 17, 1, 110, 2, '900.00', '07:30:44'),
(615, '2016-05-22', 18, 1, 91, 1, '800.00', '07:31:55'),
(616, '2016-05-22', 18, 1, 120, 1, '400.00', '07:31:55'),
(617, '2016-05-22', 19, 1, 1, 1, '450.00', '07:43:45'),
(618, '2016-05-22', 20, 1, 113, 1, '900.00', '08:16:18'),
(619, '2016-05-22', 20, 1, 146, 1, '850.00', '08:16:18'),
(620, '2016-05-22', 19, 2, 1, 1, '450.00', '08:42:04'),
(621, '2016-05-22', 21, 1, 47, 1, '750.00', '10:10:20'),
(622, '2016-05-22', 21, 1, 139, 1, '800.00', '10:10:20'),
(623, '2016-05-22', 21, 1, 144, 1, '700.00', '10:10:20'),
(624, '2016-05-22', 22, 1, 133, 1, '400.00', '10:37:33'),
(625, '2016-05-22', 22, 1, 3, 2, '600.00', '10:37:33'),
(626, '2016-05-22', 22, 1, 35, 1, '500.00', '10:37:33'),
(627, '2016-05-22', 22, 1, 37, 1, '700.00', '10:37:33'),
(628, '2016-05-22', 22, 1, 43, 1, '750.00', '10:37:33'),
(629, '2016-05-22', 22, 2, 3, -1, '600.00', '10:38:21'),
(630, '2016-05-22', 22, 3, 6, 1, '600.00', '10:44:46'),
(631, '2016-05-22', 22, 4, 49, 1, '550.00', '10:51:21'),
(632, '2016-05-22', 23, 1, 1, 1, '450.00', '11:02:04'),
(633, '2016-05-22', 23, 1, 9, 1, '450.00', '11:02:04'),
(634, '2016-05-22', 23, 1, 35, 1, '500.00', '11:02:04'),
(635, '2016-05-22', 23, 1, 39, 1, '750.00', '11:02:04'),
(636, '2016-05-22', 22, 5, 54, 1, '950.00', '11:08:56'),
(637, '2016-05-22', 22, 5, 58, 1, '900.00', '11:08:56'),
(638, '2016-05-22', 22, 5, 71, 1, '1000.00', '11:08:56'),
(639, '2016-05-22', 22, 5, 77, 1, '750.00', '11:08:56'),
(640, '2016-05-22', 22, 6, 9, 1, '450.00', '11:11:24'),
(641, '2016-05-22', 23, 2, 9, 1, '450.00', '11:12:14'),
(642, '2016-05-22', 24, 1, 40, 1, '750.00', '11:14:13'),
(643, '2016-05-22', 24, 1, 56, 1, '850.00', '11:14:13'),
(644, '2016-05-22', 24, 1, 62, 1, '850.00', '11:14:13'),
(645, '2016-05-22', 24, 1, 148, 1, '200.00', '11:14:13'),
(646, '2016-05-22', 25, 1, 1, 3, '450.00', '11:19:33'),
(647, '2016-05-22', 25, 1, 35, 1, '500.00', '11:19:33'),
(648, '2016-05-22', 25, 1, 37, 1, '700.00', '11:19:33'),
(649, '2016-05-22', 25, 1, 44, 1, '800.00', '11:19:33'),
(650, '2016-05-22', 25, 1, 51, 1, '850.00', '11:19:33'),
(651, '2016-05-22', 23, 3, 54, 1, '950.00', '11:20:27'),
(652, '2016-05-22', 23, 3, 75, 1, '1100.00', '11:20:27'),
(653, '2016-05-22', 23, 4, 9, -1, '450.00', '11:21:07'),
(654, '2016-05-22', 23, 4, 33, 1, '400.00', '11:21:07'),
(655, '2016-05-22', 26, 1, 141, 1, '800.00', '11:22:12'),
(656, '2016-05-22', 26, 1, 143, 1, '750.00', '11:22:12'),
(657, '2016-05-22', 22, 7, 8, 1, '450.00', '11:24:51'),
(658, '2016-05-22', 23, 5, 9, 1, '450.00', '11:28:58'),
(659, '2016-05-22', 27, 1, 41, 1, '650.00', '11:35:22'),
(660, '2016-05-22', 27, 1, 56, 1, '850.00', '11:35:22'),
(661, '2016-05-22', 25, 2, 7, 1, '450.00', '11:38:10'),
(662, '2016-05-22', 25, 3, 7, 1, '450.00', '11:38:24'),
(663, '2016-05-22', 25, 4, 7, 1, '450.00', '11:38:40'),
(664, '2016-05-22', 25, 5, 7, 1, '450.00', '11:39:07'),
(665, '2016-05-22', 25, 6, 7, -1, '450.00', '11:41:43'),
(666, '2016-05-22', 23, 6, 33, 1, '400.00', '11:45:37'),
(667, '2016-05-22', 25, 7, 39, 1, '750.00', '12:06:52'),
(668, '2016-05-22', 28, 1, 73, 1, '800.00', '12:09:24'),
(669, '2016-05-22', 29, 1, 34, 2, '400.00', '12:10:38'),
(670, '2016-05-22', 29, 1, 39, 1, '750.00', '12:10:38'),
(671, '2016-05-22', 29, 1, 47, 1, '750.00', '12:10:38'),
(672, '2016-05-22', 29, 1, 59, 1, '800.00', '12:10:38'),
(673, '2016-05-22', 29, 1, 72, 1, '950.00', '12:10:38'),
(674, '2016-05-22', 25, 8, 7, 2, '450.00', '12:11:54'),
(675, '2016-05-22', 25, 8, 49, 1, '550.00', '12:11:54'),
(676, '2016-05-22', 25, 8, 75, 1, '1100.00', '12:11:54'),
(677, '2016-05-22', 29, 2, 35, 1, '500.00', '12:20:57'),
(678, '2016-05-22', 28, 2, 49, 1, '550.00', '12:24:22'),
(679, '2016-05-22', 25, 9, 7, 2, '450.00', '12:29:38'),
(680, '2016-05-22', 29, 3, 1, 1, '450.00', '12:29:58'),
(681, '2016-05-22', 30, 1, 141, 1, '800.00', '12:31:33'),
(682, '2016-05-22', 31, 1, 1, 1, '450.00', '12:34:24'),
(683, '2016-05-22', 31, 2, 36, 1, '650.00', '12:37:02'),
(684, '2016-05-22', 31, 3, 42, 1, '600.00', '12:41:53'),
(685, '2016-05-22', 31, 4, 121, 1, '400.00', '12:47:58'),
(686, '2016-05-22', 31, 5, 49, 1, '550.00', '12:50:41'),
(687, '2016-05-22', 32, 1, 138, 1, '650.00', '12:52:54'),
(688, '2016-05-22', 32, 1, 143, 1, '750.00', '12:52:54'),
(689, '2016-05-22', 32, 1, 147, 1, '100.00', '12:52:54'),
(690, '2016-05-22', 31, 6, 22, 1, '400.00', '13:08:18'),
(691, '2016-05-22', 31, 6, 54, 1, '950.00', '13:08:18'),
(692, '2016-05-22', 31, 6, 57, 1, '950.00', '13:08:18'),
(693, '2016-05-22', 33, 1, 1, 1, '450.00', '13:16:36'),
(694, '2016-05-22', 33, 1, 23, 1, '400.00', '13:16:36'),
(695, '2016-05-22', 33, 1, 36, 1, '650.00', '13:16:36'),
(696, '2016-05-22', 33, 1, 39, 1, '750.00', '13:16:36'),
(697, '2016-05-22', 33, 1, 43, 1, '750.00', '13:16:36'),
(698, '2016-05-22', 33, 1, 49, 1, '550.00', '13:16:36'),
(699, '2016-05-22', 29, 4, 27, 1, '450.00', '13:20:40'),
(700, '2016-05-22', 29, 4, 83, 1, '450.00', '13:20:40'),
(701, '2016-05-22', 29, 4, 85, 1, '500.00', '13:20:40'),
(702, '2016-05-22', 31, 7, 73, 1, '800.00', '13:27:03'),
(703, '2016-05-22', 31, 8, 73, -1, '800.00', '13:27:50'),
(704, '2016-05-22', 33, 2, 1, 1, '450.00', '13:28:59'),
(705, '2016-05-22', 33, 2, 73, 1, '800.00', '13:28:59'),
(706, '2016-05-22', 34, 1, 3, 3, '600.00', '13:33:37'),
(707, '2016-05-22', 34, 1, 35, 1, '500.00', '13:33:37'),
(708, '2016-05-22', 34, 1, 36, 1, '650.00', '13:33:37'),
(709, '2016-05-22', 34, 1, 40, 1, '750.00', '13:33:37'),
(710, '2016-05-22', 34, 1, 56, 1, '850.00', '13:33:37'),
(711, '2016-05-22', 34, 1, 62, 1, '850.00', '13:33:37'),
(712, '2016-05-22', 34, 1, 65, 1, '650.00', '13:33:37'),
(713, '2016-05-22', 34, 1, 69, 1, '950.00', '13:33:37'),
(714, '2016-05-22', 34, 1, 75, 1, '1100.00', '13:33:37'),
(715, '2016-05-22', 33, 3, 23, 1, '400.00', '13:53:14'),
(716, '2016-05-22', 34, 2, 49, 1, '550.00', '13:57:07'),
(717, '2016-05-22', 34, 3, 3, 1, '600.00', '14:05:31'),
(718, '2016-05-22', 34, 4, 109, 1, '1100.00', '14:17:48'),
(719, '2016-05-22', 35, 1, 49, 1, '550.00', '14:39:15'),
(720, '2016-05-22', 35, 1, 65, 1, '650.00', '14:39:15'),
(721, '2016-05-22', 35, 2, 1, 1, '450.00', '14:40:07'),
(722, '2016-05-22', 35, 2, 7, 1, '450.00', '14:40:07'),
(723, '2016-05-22', 35, 3, 72, 1, '950.00', '14:43:06'),
(724, '2016-05-22', 36, 1, 91, 1, '800.00', '15:02:45'),
(725, '2016-05-22', 36, 1, 34, 2, '400.00', '15:02:45'),
(726, '2016-05-22', 36, 1, 39, 1, '750.00', '15:02:45'),
(727, '2016-05-22', 36, 1, 44, 1, '800.00', '15:02:45'),
(728, '2016-05-23', 1, 1, 142, 1, '750.00', '04:48:56'),
(729, '2016-05-23', 1, 1, 148, 1, '200.00', '04:48:56'),
(730, '2016-05-23', 2, 1, 148, -1, '200.00', '04:50:37'),
(731, '2016-05-23', 3, 1, 139, 2, '800.00', '04:52:10'),
(732, '2016-05-23', 3, 1, 142, 1, '750.00', '04:52:10'),
(733, '2016-05-23', 4, 1, 110, 2, '900.00', '04:54:45'),
(734, '2016-05-23', 5, 1, 91, 1, '800.00', '05:10:31'),
(735, '2016-05-23', 6, 1, 92, 1, '800.00', '05:25:59'),
(736, '2016-05-23', 7, 1, 92, 1, '800.00', '05:28:32'),
(737, '2016-05-23', 7, 1, 110, 1, '900.00', '05:28:32'),
(738, '2016-05-23', 8, 1, 139, 1, '800.00', '05:28:49'),
(739, '2016-05-23', 9, 1, 91, 1, '800.00', '05:46:31'),
(740, '2016-05-23', 9, 1, 146, 1, '850.00', '05:46:31'),
(741, '2016-05-23', 10, 1, 143, 1, '750.00', '05:47:19'),
(742, '2016-05-23', 11, 1, 130, 2, '400.00', '05:55:14'),
(743, '2016-05-23', 11, 1, 137, 2, '550.00', '05:55:14'),
(744, '2016-05-23', 12, 1, 138, 1, '650.00', '05:55:45'),
(745, '2016-05-23', 12, 1, 144, 1, '700.00', '05:55:45'),
(746, '2016-05-23', 11, 2, 110, 1, '900.00', '06:17:13'),
(747, '2016-05-23', 11, 2, 113, 3, '900.00', '06:17:13'),
(748, '2016-05-23', 11, 2, 117, 1, '500.00', '06:17:13'),
(749, '2016-05-23', 11, 2, 119, 3, '100.00', '06:17:13'),
(750, '2016-05-23', 13, 1, 97, 1, '800.00', '06:19:52'),
(751, '2016-05-23', 13, 1, 146, 1, '850.00', '06:19:52'),
(752, '2016-05-23', 14, 1, 138, 1, '650.00', '06:20:19'),
(753, '2016-05-23', 15, 1, 117, 1, '500.00', '06:25:16'),
(754, '2016-05-23', 15, 1, 146, 1, '850.00', '06:25:16'),
(755, '2016-05-23', 16, 1, 92, 1, '800.00', '06:27:58'),
(756, '2016-05-23', 16, 1, 113, 1, '900.00', '06:27:58'),
(757, '2016-05-23', 17, 1, 117, 1, '500.00', '06:37:05'),
(758, '2016-05-23', 17, 1, 146, 1, '850.00', '06:37:05'),
(759, '2016-05-23', 18, 1, 110, 1, '900.00', '06:46:30'),
(760, '2016-05-23', 19, 1, 54, 1, '950.00', '06:52:34'),
(761, '2016-05-23', 20, 1, 1, 1, '450.00', '11:59:13'),
(762, '2016-05-23', 20, 1, 28, 1, '400.00', '11:59:13'),
(763, '2016-05-23', 20, 2, 37, 1, '700.00', '12:02:46'),
(764, '2016-05-23', 20, 2, 53, 1, '650.00', '12:02:46'),
(765, '2016-05-23', 20, 2, 61, 1, '950.00', '12:02:46'),
(766, '2016-05-23', 20, 2, 70, 1, '950.00', '12:02:46'),
(767, '2016-05-23', 21, 1, 1, 1, '450.00', '12:26:50'),
(768, '2016-05-23', 21, 1, 8, 1, '450.00', '12:26:50'),
(769, '2016-05-23', 21, 1, 35, 1, '500.00', '12:26:50'),
(770, '2016-05-23', 21, 1, 39, 1, '750.00', '12:26:50'),
(771, '2016-05-23', 21, 2, 3, 1, '600.00', '12:37:05'),
(772, '2016-05-23', 21, 3, 49, 1, '550.00', '12:40:46'),
(773, '2016-05-23', 20, 3, 7, 1, '450.00', '12:42:46'),
(774, '2016-05-23', 20, 3, 87, 1, '950.00', '12:42:46'),
(775, '2016-05-23', 21, 4, 8, 1, '450.00', '12:48:47'),
(776, '2016-05-23', 22, 1, 3, 1, '600.00', '12:59:01'),
(777, '2016-05-23', 22, 1, 58, 1, '900.00', '12:59:01'),
(778, '2016-05-23', 23, 1, 3, 1, '600.00', '12:59:01'),
(779, '2016-05-23', 23, 1, 58, 1, '900.00', '12:59:01'),
(780, '2016-05-23', 21, 5, 54, 1, '950.00', '12:59:33'),
(781, '2016-05-23', 24, 1, 144, 1, '700.00', '13:07:16'),
(782, '2016-05-23', 25, 1, 141, 1, '800.00', '13:10:32'),
(783, '2016-05-23', 25, 1, 143, 1, '750.00', '13:10:32'),
(784, '2016-05-23', 25, 1, 147, 1, '100.00', '13:10:32'),
(785, '2016-05-23', 26, 1, 141, 1, '800.00', '13:10:33'),
(786, '2016-05-23', 26, 1, 143, 1, '750.00', '13:10:33'),
(787, '2016-05-23', 26, 1, 147, 1, '100.00', '13:10:33'),
(788, '2016-05-23', 27, 1, 54, 1, '950.00', '14:00:06'),
(789, '2016-05-23', 27, 1, 58, 1, '900.00', '14:00:06'),
(790, '2016-05-23', 27, 2, 20, 1, '400.00', '14:01:10'),
(791, '2016-05-23', 27, 2, 30, 1, '400.00', '14:01:10'),
(792, '2016-05-23', 27, 3, 20, 1, '400.00', '14:01:11'),
(793, '2016-05-23', 27, 3, 30, 1, '400.00', '14:01:11'),
(794, '2016-05-24', 1, 1, 112, 2, '850.00', '04:27:45'),
(795, '2016-05-24', 2, 1, 112, 2, '850.00', '04:27:51'),
(796, '2016-05-24', 3, 1, 91, 1, '800.00', '04:28:20'),
(797, '2016-05-24', 4, 1, 110, 2, '900.00', '04:29:10'),
(798, '2016-05-24', 4, 1, 113, 1, '900.00', '04:29:10'),
(799, '2016-05-24', 5, 1, 49, 1, '550.00', '04:45:04'),
(800, '2016-05-24', 5, 1, 54, 1, '950.00', '04:45:04'),
(801, '2016-05-24', 6, 1, 138, 1, '650.00', '05:05:30'),
(802, '2016-05-24', 6, 1, 144, 1, '700.00', '05:05:30'),
(803, '2016-05-24', 7, 1, 112, 2, '850.00', '05:16:02'),
(804, '2016-05-24', 7, 1, 146, 1, '850.00', '05:16:02'),
(805, '2016-05-24', 8, 1, 91, 1, '800.00', '05:22:53'),
(806, '2016-05-24', 9, 1, 93, 1, '800.00', '05:23:21'),
(807, '2016-05-24', 10, 1, 54, 1, '950.00', '05:23:39'),
(808, '2016-05-24', 11, 1, 119, 1, '100.00', '05:24:15'),
(809, '2016-05-24', 11, 1, 54, 2, '950.00', '05:24:15'),
(810, '2016-05-24', 12, 1, 111, 1, '850.00', '05:24:43'),
(811, '2016-05-24', 13, 1, 58, 1, '900.00', '05:25:17'),
(812, '2016-05-24', 14, 1, 91, 1, '800.00', '05:38:29'),
(813, '2016-05-24', 14, 1, 111, 1, '850.00', '05:38:29'),
(814, '2016-05-24', 15, 1, 119, 1, '100.00', '05:44:11'),
(815, '2016-05-24', 15, 1, 58, 1, '900.00', '05:44:11'),
(816, '2016-05-24', 16, 1, 54, 1, '950.00', '05:47:19'),
(817, '2016-05-24', 17, 1, 58, 1, '900.00', '06:08:26'),
(818, '2016-05-24', 18, 1, 117, 1, '500.00', '07:36:02'),
(819, '2016-05-24', 18, 1, 62, 1, '850.00', '07:36:02'),
(820, '2016-05-24', 19, 1, 142, 1, '750.00', '07:48:30'),
(821, '2016-05-24', 20, 1, 138, 2, '650.00', '10:26:01'),
(822, '2016-05-24', 20, 1, 142, 1, '750.00', '10:26:01'),
(823, '2016-05-24', 21, 1, 138, 1, '650.00', '10:57:12'),
(824, '2016-05-24', 22, 1, 3, 1, '600.00', '12:24:55'),
(825, '2016-05-24', 22, 1, 10, 1, '450.00', '12:24:55'),
(826, '2016-05-24', 22, 2, 35, 1, '500.00', '12:27:36'),
(827, '2016-05-24', 22, 2, 37, 1, '700.00', '12:27:36'),
(828, '2016-05-24', 22, 2, 70, 1, '950.00', '12:27:36'),
(829, '2016-05-24', 23, 1, 1, 1, '450.00', '12:30:41'),
(830, '2016-05-24', 23, 1, 54, 1, '950.00', '12:30:41'),
(831, '2016-05-24', 23, 1, 60, 1, '1050.00', '12:30:41'),
(832, '2016-05-24', 23, 2, 2, 1, '600.00', '12:52:20'),
(833, '2016-05-24', 23, 2, 6, 1, '600.00', '12:52:20'),
(834, '2016-05-24', 24, 1, 1, 2, '450.00', '12:52:45'),
(835, '2016-05-24', 24, 2, 36, 1, '650.00', '12:54:10'),
(836, '2016-05-24', 24, 2, 51, 1, '850.00', '12:54:10'),
(837, '2016-05-24', 22, 3, 8, 1, '450.00', '12:59:08'),
(838, '2016-05-24', 24, 3, 14, 1, '650.00', '13:09:51'),
(839, '2016-05-24', 24, 4, 28, 1, '400.00', '13:18:00'),
(840, '2016-05-24', 24, 4, 60, 1, '1050.00', '13:18:00'),
(841, '2016-05-24', 24, 4, 71, 1, '1000.00', '13:18:00'),
(842, '2016-05-24', 24, 5, 14, 1, '650.00', '13:19:47'),
(843, '2016-05-24', 25, 1, 54, 1, '950.00', '13:25:38'),
(844, '2016-05-24', 25, 1, 61, 1, '950.00', '13:25:38'),
(845, '2016-05-24', 25, 1, 147, 1, '100.00', '13:25:38'),
(846, '2016-05-24', 26, 1, 10, 1, '450.00', '13:36:59'),
(847, '2016-05-24', 26, 1, 13, 1, '450.00', '13:36:59'),
(848, '2016-05-24', 26, 1, 35, 1, '500.00', '13:36:59'),
(849, '2016-05-24', 26, 1, 39, 1, '750.00', '13:36:59'),
(850, '2016-05-24', 26, 1, 47, 1, '750.00', '13:36:59'),
(851, '2016-05-24', 26, 1, 54, 1, '950.00', '13:36:59'),
(852, '2016-05-24', 25, 2, 42, 1, '600.00', '13:39:30'),
(853, '2016-05-24', 27, 1, 41, 1, '650.00', '13:51:10'),
(854, '2016-05-24', 27, 1, 49, 1, '550.00', '13:51:10'),
(855, '2016-05-24', 28, 1, 142, 1, '750.00', '13:52:05'),
(856, '2016-05-24', 29, 1, 143, 1, '750.00', '13:53:37'),
(857, '2016-05-24', 27, 2, 5, 1, '600.00', '13:57:39'),
(858, '2016-05-24', 27, 3, 5, 1, '600.00', '13:59:04'),
(859, '2016-05-24', 27, 4, 5, -1, '600.00', '13:59:35'),
(860, '2016-05-24', 27, 5, 5, 1, '600.00', '14:00:51'),
(861, '2016-05-24', 26, 2, 8, 1, '450.00', '14:01:25'),
(862, '2016-05-24', 26, 2, 13, 1, '450.00', '14:01:25'),
(863, '2016-05-24', 30, 1, 143, 1, '750.00', '14:02:21'),
(864, '2016-05-24', 27, 6, 70, 1, '950.00', '14:10:43'),
(865, '2016-05-24', 31, 1, 48, 1, '800.00', '14:23:15'),
(866, '2016-05-24', 31, 1, 54, 1, '950.00', '14:23:15'),
(867, '2016-05-24', 31, 1, 62, 1, '850.00', '14:23:15'),
(868, '2016-05-24', 31, 2, 35, 1, '500.00', '14:35:02'),
(869, '2016-05-24', 32, 1, 39, 1, '750.00', '14:43:20'),
(870, '2016-05-24', 32, 1, 47, 1, '750.00', '14:43:20'),
(871, '2016-05-24', 32, 1, 138, 1, '650.00', '14:43:20'),
(872, '2016-05-24', 32, 1, 142, 1, '750.00', '14:43:20'),
(873, '2016-05-25', 1, 1, 109, 1, '1100.00', '05:03:16'),
(874, '2016-05-25', 2, 1, 112, 1, '850.00', '05:13:21'),
(875, '2016-05-25', 2, 1, 119, 1, '100.00', '05:13:21'),
(876, '2016-05-25', 3, 1, 93, 1, '800.00', '05:23:00'),
(877, '2016-05-25', 3, 1, 110, 5, '900.00', '05:23:00'),
(878, '2016-05-25', 3, 1, 112, 1, '850.00', '05:23:00'),
(879, '2016-05-25', 3, 1, 113, 1, '900.00', '05:23:00'),
(880, '2016-05-25', 3, 1, 119, 1, '100.00', '05:23:00'),
(881, '2016-05-25', 3, 1, 147, 1, '100.00', '05:23:00'),
(882, '2016-05-25', 4, 1, 109, 1, '1100.00', '05:29:22'),
(883, '2016-05-25', 5, 1, 111, 1, '850.00', '05:32:07'),
(884, '2016-05-25', 6, 1, 114, 1, '950.00', '05:44:10'),
(885, '2016-05-25', 6, 1, 119, 1, '100.00', '05:44:10'),
(886, '2016-05-25', 7, 1, 113, 1, '900.00', '05:44:34'),
(887, '2016-05-25', 8, 1, 113, 1, '900.00', '05:44:58'),
(888, '2016-05-25', 9, 1, 110, 1, '900.00', '06:00:17'),
(889, '2016-05-25', 10, 1, 146, 1, '850.00', '06:05:44'),
(890, '2016-05-25', 11, 1, 114, 1, '950.00', '06:07:44'),
(891, '2016-05-25', 12, 1, 139, 1, '800.00', '06:10:50'),
(892, '2016-05-25', 13, 1, 57, 1, '950.00', '06:30:45'),
(893, '2016-05-25', 14, 1, 92, 1, '800.00', '07:09:45'),
(894, '2016-05-25', 14, 1, 147, 1, '100.00', '07:09:45'),
(895, '2016-05-25', 15, 1, 101, 1, '900.00', '07:10:56'),
(896, '2016-05-25', 15, 1, 1, 1, '450.00', '07:10:56'),
(897, '2016-05-25', 16, 1, 92, 1, '800.00', '07:13:38'),
(898, '2016-05-25', 16, 1, 116, 1, '250.00', '07:13:38'),
(899, '2016-05-25', 15, 2, 1, 1, '450.00', '07:25:22'),
(900, '2016-05-25', 15, 3, 119, 1, '100.00', '07:25:52'),
(901, '2016-05-25', 17, 1, 146, 1, '850.00', '08:01:40'),
(902, '2016-05-25', 17, 2, 117, 1, '500.00', '08:04:59'),
(903, '2016-05-25', 18, 1, 47, 1, '750.00', '10:18:52'),
(904, '2016-05-25', 18, 1, 138, 1, '650.00', '10:18:52'),
(905, '2016-05-25', 18, 1, 141, 1, '800.00', '10:18:52'),
(906, '2016-05-25', 19, 1, 23, 1, '400.00', '10:23:00'),
(907, '2016-05-25', 19, 1, 25, 1, '400.00', '10:23:00'),
(908, '2016-05-25', 19, 1, 35, 1, '500.00', '10:23:00'),
(909, '2016-05-25', 19, 2, 48, 1, '800.00', '10:25:53'),
(910, '2016-05-25', 19, 2, 77, 1, '750.00', '10:25:53'),
(911, '2016-05-25', 19, 2, 88, 1, '200.00', '10:25:53'),
(912, '2016-05-25', 20, 1, 138, 1, '650.00', '11:03:03'),
(913, '2016-05-25', 20, 1, 141, 1, '800.00', '11:03:03'),
(914, '2016-05-25', 20, 1, 148, 1, '200.00', '11:03:03'),
(915, '2016-05-25', 21, 1, 41, 1, '650.00', '11:12:25'),
(916, '2016-05-25', 21, 1, 54, 1, '950.00', '11:12:25');
INSERT INTO `ordering_items` (`id`, `date`, `billing_no`, `ordering_no`, `menu_id`, `quantity`, `price`, `time`) VALUES
(917, '2016-05-25', 22, 1, 91, 1, '800.00', '11:39:10'),
(918, '2016-05-25', 22, 1, 138, 1, '650.00', '11:39:10'),
(919, '2016-05-25', 23, 1, 35, 1, '500.00', '12:22:22'),
(920, '2016-05-25', 23, 1, 49, 1, '550.00', '12:22:22'),
(921, '2016-05-25', 23, 1, 57, 1, '950.00', '12:22:22'),
(922, '2016-05-25', 23, 1, 64, 1, '850.00', '12:22:22'),
(923, '2016-05-25', 24, 1, 3, 1, '600.00', '12:47:39'),
(924, '2016-05-25', 24, 1, 4, 1, '600.00', '12:47:39'),
(925, '2016-05-25', 24, 1, 37, 1, '700.00', '12:47:39'),
(926, '2016-05-25', 24, 1, 39, 1, '750.00', '12:47:39'),
(927, '2016-05-25', 24, 2, 14, 1, '650.00', '13:03:58'),
(928, '2016-05-25', 26, 1, 143, 1, '750.00', '13:19:14'),
(929, '2016-05-25', 24, 3, 1, 1, '450.00', '13:19:46'),
(930, '2016-05-25', 24, 3, 14, 1, '650.00', '13:19:46'),
(931, '2016-05-25', 24, 3, 47, 1, '750.00', '13:19:46'),
(932, '2016-05-25', 27, 1, 138, 1, '650.00', '13:38:42'),
(933, '2016-05-25', 28, 1, 1, 1, '450.00', '13:57:23'),
(934, '2016-05-25', 28, 1, 38, 1, '750.00', '13:57:23'),
(935, '2016-05-25', 28, 1, 42, 1, '600.00', '13:57:23'),
(936, '2016-05-25', 28, 1, 60, 1, '1050.00', '13:57:23'),
(937, '2016-05-25', 29, 1, 1, 2, '450.00', '14:06:51'),
(938, '2016-05-25', 29, 2, 40, 1, '750.00', '14:09:18'),
(939, '2016-05-25', 29, 2, 49, 1, '550.00', '14:09:18'),
(940, '2016-05-25', 29, 2, 75, 1, '1100.00', '14:09:18'),
(941, '2016-05-25', 30, 1, 1, 1, '450.00', '14:13:54'),
(942, '2016-05-25', 30, 1, 40, 1, '750.00', '14:13:54'),
(943, '2016-05-25', 30, 1, 54, 1, '950.00', '14:13:54'),
(944, '2016-05-25', 29, 3, 1, 2, '450.00', '14:22:09'),
(945, '2016-05-25', 31, 1, 58, 1, '900.00', '14:32:10'),
(946, '2016-05-25', 29, 4, 1, 1, '450.00', '14:40:56'),
(947, '2016-05-26', 1, 1, 110, 1, '900.00', '04:13:42'),
(948, '2016-05-26', 2, 1, 112, 2, '850.00', '04:19:29'),
(949, '2016-05-26', 3, 1, 113, 1, '900.00', '05:10:49'),
(950, '2016-05-26', 3, 1, 146, 1, '850.00', '05:10:49'),
(951, '2016-05-26', 4, 1, 91, 1, '800.00', '05:11:46'),
(952, '2016-05-26', 5, 1, 110, 2, '900.00', '05:18:21'),
(953, '2016-05-26', 5, 1, 112, 1, '850.00', '05:18:21'),
(954, '2016-05-26', 6, 1, 112, 1, '850.00', '05:36:17'),
(955, '2016-05-26', 7, 1, 1, 1, '450.00', '05:46:44'),
(956, '2016-05-26', 8, 1, 139, 1, '800.00', '05:48:35'),
(957, '2016-05-26', 9, 1, 111, 1, '850.00', '05:49:47'),
(958, '2016-05-26', 10, 1, 97, 1, '800.00', '05:58:41'),
(959, '2016-05-26', 11, 1, 91, 1, '800.00', '06:06:48'),
(960, '2016-05-26', 11, 1, 1, 1, '450.00', '06:06:48'),
(961, '2016-05-26', 11, 1, 3, 1, '600.00', '06:06:48'),
(962, '2016-05-26', 11, 2, 110, 1, '900.00', '06:10:26'),
(963, '2016-05-26', 11, 2, 147, 1, '100.00', '06:10:26'),
(964, '2016-05-26', 11, 3, 117, 1, '500.00', '06:11:00'),
(965, '2016-05-26', 12, 1, 144, 1, '700.00', '06:38:04'),
(966, '2016-05-26', 13, 1, 94, 1, '800.00', '07:21:41'),
(967, '2016-05-26', 14, 1, 3, 2, '600.00', '10:12:27'),
(968, '2016-05-26', 15, 1, 1, 1, '450.00', '10:12:46'),
(969, '2016-05-26', 14, 2, 1, 1, '450.00', '10:51:27'),
(970, '2016-05-26', 15, 2, 49, 1, '550.00', '11:06:36'),
(971, '2016-05-26', 16, 1, 138, 1, '650.00', '11:08:09'),
(972, '2016-05-26', 16, 2, 138, -1, '650.00', '11:09:41'),
(973, '2016-05-26', 15, 3, 54, 1, '950.00', '11:10:01'),
(974, '2016-05-26', 17, 1, 3, 1, '600.00', '11:59:44'),
(975, '2016-05-26', 17, 1, 40, 1, '750.00', '11:59:44'),
(976, '2016-05-26', 17, 2, 1, 4, '450.00', '12:33:57'),
(977, '2016-05-26', 17, 2, 3, 1, '600.00', '12:33:57'),
(978, '2016-05-26', 17, 2, 73, 1, '800.00', '12:33:57'),
(979, '2016-05-26', 17, 2, 147, 1, '100.00', '12:33:57'),
(980, '2016-05-26', 15, 4, 1, 1, '450.00', '12:35:10'),
(981, '2016-05-26', 15, 4, 54, 1, '950.00', '12:35:10'),
(982, '2016-05-26', 15, 5, 1, 1, '450.00', '12:36:25'),
(983, '2016-05-26', 17, 4, 88, 2, '200.00', '12:44:17'),
(984, '2016-05-26', 18, 1, 1, 2, '450.00', '13:07:16'),
(985, '2016-05-26', 17, 5, 16, 2, '550.00', '13:07:42'),
(986, '2016-05-26', 17, 6, 28, 2, '400.00', '13:45:24'),
(987, '2016-05-26', 19, 1, 30, 2, '400.00', '13:46:28'),
(988, '2016-05-26', 19, 1, 69, 2, '950.00', '13:46:28'),
(989, '2016-05-26', 20, 1, 139, 1, '800.00', '14:03:20'),
(990, '2016-05-26', 21, 1, 138, 1, '650.00', '14:12:48'),
(991, '2016-05-26', 22, 1, 138, 1, '650.00', '14:21:35'),
(992, '2016-05-26', 22, 1, 142, 1, '750.00', '14:21:35'),
(993, '2016-05-26', 23, 1, 39, 1, '750.00', '15:00:39'),
(994, '2016-05-26', 23, 1, 62, 1, '850.00', '15:00:39'),
(995, '2016-05-26', 23, 1, 70, 1, '950.00', '15:00:39'),
(996, '2016-05-27', 1, 1, 110, 1, '900.00', '05:34:01'),
(997, '2016-05-27', 1, 1, 119, 1, '100.00', '05:34:01'),
(998, '2016-05-27', 2, 1, 141, 1, '800.00', '05:37:06'),
(999, '2016-05-27', 3, 1, 146, 1, '850.00', '05:38:54'),
(1000, '2016-05-27', 4, 1, 114, 1, '950.00', '05:41:47'),
(1001, '2016-05-27', 5, 1, 58, 1, '900.00', '06:07:02'),
(1002, '2016-05-27', 6, 1, 112, 1, '850.00', '06:24:02'),
(1003, '2016-05-27', 6, 1, 146, 1, '850.00', '06:24:02'),
(1004, '2016-05-27', 7, 1, 110, 1, '900.00', '06:35:39'),
(1005, '2016-05-27', 7, 1, 114, 1, '950.00', '06:35:39'),
(1006, '2016-05-27', 8, 1, 113, 1, '900.00', '06:50:01'),
(1007, '2016-05-27', 8, 2, 49, 1, '550.00', '07:03:39'),
(1008, '2016-05-27', 9, 1, 138, 1, '650.00', '07:22:13'),
(1009, '2016-05-27', 10, 1, 110, 1, '900.00', '07:33:16'),
(1010, '2016-05-27', 10, 1, 116, 1, '250.00', '07:33:16'),
(1011, '2016-05-27', 10, 1, 137, 1, '550.00', '07:33:16'),
(1012, '2016-05-27', 11, 1, 69, 1, '950.00', '10:07:33'),
(1013, '2016-05-27', 12, 1, 1, 2, '450.00', '11:29:01'),
(1014, '2016-05-27', 12, 1, 54, 1, '950.00', '11:29:01'),
(1015, '2016-05-27', 12, 1, 57, 1, '950.00', '11:29:01'),
(1016, '2016-05-27', 13, 1, 49, 1, '550.00', '11:35:56'),
(1017, '2016-05-27', 13, 1, 138, 1, '650.00', '11:35:56'),
(1018, '2016-05-27', 13, 1, 139, 1, '800.00', '11:35:56'),
(1019, '2016-05-27', 14, 1, 1, 1, '450.00', '11:52:18'),
(1020, '2016-05-27', 14, 1, 54, 1, '950.00', '11:52:18'),
(1021, '2016-05-28', 1, 1, 146, 1, '850.00', '04:32:48'),
(1022, '2016-05-28', 2, 1, 139, 1, '800.00', '04:34:52'),
(1023, '2016-05-28', 3, 1, 142, 1, '750.00', '04:41:28'),
(1024, '2016-05-28', 3, 2, 139, 1, '800.00', '04:42:07'),
(1025, '2016-05-28', 4, 1, 138, 1, '650.00', '04:50:20'),
(1026, '2016-05-28', 4, 1, 143, 1, '750.00', '04:50:20'),
(1027, '2016-05-28', 5, 1, 101, 1, '900.00', '04:53:42'),
(1028, '2016-05-28', 6, 1, 110, 1, '900.00', '05:04:24'),
(1029, '2016-05-28', 7, 1, 110, 1, '900.00', '05:22:37'),
(1030, '2016-05-28', 7, 1, 113, 1, '900.00', '05:22:37'),
(1031, '2016-05-28', 7, 1, 116, 2, '250.00', '05:22:37'),
(1032, '2016-05-28', 7, 1, 1, 1, '450.00', '05:22:37'),
(1033, '2016-05-28', 8, 1, 139, 1, '800.00', '05:30:49'),
(1034, '2016-05-28', 8, 1, 142, 1, '750.00', '05:30:49'),
(1035, '2016-05-28', 9, 1, 112, 1, '850.00', '05:35:34'),
(1036, '2016-05-28', 9, 1, 114, 1, '950.00', '05:35:34'),
(1037, '2016-05-28', 10, 1, 110, 1, '900.00', '05:38:40'),
(1038, '2016-05-28', 10, 1, 146, 1, '850.00', '05:38:40'),
(1039, '2016-05-28', 9, 2, 116, 1, '250.00', '05:39:53'),
(1040, '2016-05-28', 11, 1, 112, 1, '850.00', '05:47:48'),
(1041, '2016-05-28', 12, 1, 138, 1, '650.00', '06:03:26'),
(1042, '2016-05-28', 12, 1, 142, 1, '750.00', '06:03:26'),
(1043, '2016-05-28', 13, 1, 112, 1, '850.00', '06:14:49'),
(1044, '2016-05-28', 13, 1, 113, 1, '900.00', '06:14:49'),
(1045, '2016-05-28', 14, 1, 111, 1, '850.00', '06:48:11'),
(1046, '2016-05-28', 14, 1, 113, 1, '900.00', '06:48:11'),
(1047, '2016-05-28', 14, 1, 117, 1, '500.00', '06:48:11'),
(1048, '2016-05-28', 15, 1, 91, 1, '800.00', '06:49:14'),
(1049, '2016-05-28', 16, 1, 113, 1, '900.00', '06:49:45'),
(1050, '2016-05-28', 17, 1, 114, 1, '950.00', '07:37:10'),
(1051, '2016-05-28', 17, 1, 117, 1, '500.00', '07:37:10'),
(1052, '2016-05-28', 17, 1, 88, 1, '200.00', '07:37:10'),
(1053, '2016-05-28', 17, 2, 3, 2, '600.00', '07:37:30'),
(1054, '2016-05-28', 18, 1, 35, 1, '500.00', '10:09:09'),
(1055, '2016-05-28', 18, 1, 37, 1, '700.00', '10:09:09'),
(1056, '2016-05-28', 18, 1, 49, 1, '550.00', '10:09:09'),
(1057, '2016-05-28', 19, 1, 144, 1, '700.00', '10:58:50'),
(1058, '2016-05-28', 20, 1, 69, 2, '950.00', '11:37:24'),
(1059, '2016-05-28', 20, 1, 75, 1, '1100.00', '11:37:24'),
(1060, '2016-05-28', 21, 1, 1, 1, '450.00', '12:06:14'),
(1061, '2016-05-28', 21, 1, 35, 1, '500.00', '12:06:14'),
(1062, '2016-05-28', 22, 1, 1, 1, '450.00', '12:07:43'),
(1063, '2016-05-28', 22, 1, 9, 1, '450.00', '12:07:43'),
(1064, '2016-05-28', 22, 1, 40, 1, '750.00', '12:07:43'),
(1065, '2016-05-28', 22, 1, 47, 1, '750.00', '12:07:43'),
(1066, '2016-05-28', 22, 1, 54, 1, '950.00', '12:07:43'),
(1067, '2016-05-28', 21, 2, 73, 1, '800.00', '12:09:51'),
(1068, '2016-05-28', 23, 1, 10, 1, '450.00', '12:13:00'),
(1069, '2016-05-28', 23, 1, 35, 1, '500.00', '12:13:00'),
(1070, '2016-05-28', 23, 1, 39, 1, '750.00', '12:13:00'),
(1071, '2016-05-28', 23, 1, 47, 1, '750.00', '12:13:00'),
(1072, '2016-05-28', 23, 1, 49, 1, '550.00', '12:13:00'),
(1073, '2016-05-28', 23, 1, 54, 1, '950.00', '12:13:00'),
(1074, '2016-05-28', 24, 1, 139, 1, '800.00', '12:28:59'),
(1075, '2016-05-28', 22, 2, 1, 1, '450.00', '12:36:06'),
(1076, '2016-05-28', 25, 1, 35, 1, '500.00', '12:36:47'),
(1077, '2016-05-28', 25, 1, 40, 1, '750.00', '12:36:47'),
(1078, '2016-05-28', 25, 1, 49, 1, '550.00', '12:36:47'),
(1079, '2016-05-28', 21, 3, 1, 1, '450.00', '12:41:35'),
(1080, '2016-05-28', 22, 3, 10, 1, '450.00', '12:52:44'),
(1081, '2016-05-28', 26, 1, 36, 1, '650.00', '13:09:41'),
(1082, '2016-05-28', 26, 1, 40, 1, '750.00', '13:09:41'),
(1083, '2016-05-28', 26, 1, 41, 1, '650.00', '13:09:41'),
(1084, '2016-05-28', 26, 1, 44, 1, '800.00', '13:09:41'),
(1085, '2016-05-28', 26, 1, 62, 1, '850.00', '13:09:41'),
(1086, '2016-05-28', 26, 2, 1, 1, '450.00', '13:10:10'),
(1087, '2016-05-28', 26, 2, 31, 1, '400.00', '13:10:10'),
(1088, '2016-05-28', 26, 3, 47, 1, '750.00', '13:17:54'),
(1089, '2016-05-28', 26, 4, 1, 1, '450.00', '13:26:12'),
(1090, '2016-05-28', 27, 1, 35, 1, '500.00', '13:34:27'),
(1091, '2016-05-28', 27, 1, 40, 1, '750.00', '13:34:27'),
(1092, '2016-05-28', 27, 2, 1, 1, '450.00', '13:34:56'),
(1093, '2016-05-28', 27, 3, 54, 1, '950.00', '13:48:42'),
(1094, '2016-05-28', 28, 1, 35, 1, '500.00', '13:56:45'),
(1095, '2016-05-28', 28, 1, 58, 1, '900.00', '13:56:45'),
(1096, '2016-05-28', 28, 1, 71, 1, '1000.00', '13:56:45'),
(1097, '2016-05-28', 27, 4, 4, 1, '600.00', '14:07:00'),
(1098, '2016-05-28', 22, 4, 1, 1, '450.00', '14:11:05'),
(1099, '2016-05-28', 22, 4, 33, 1, '400.00', '14:11:05'),
(1100, '2016-05-28', 22, 4, 37, 1, '700.00', '14:11:05'),
(1101, '2016-05-28', 29, 1, 3, 2, '600.00', '14:12:09'),
(1102, '2016-05-28', 30, 1, 3, 1, '600.00', '14:34:19'),
(1103, '2016-05-28', 30, 1, 4, 1, '600.00', '14:34:19'),
(1104, '2016-05-28', 30, 2, 35, 1, '500.00', '14:35:13'),
(1105, '2016-05-28', 30, 2, 56, 1, '850.00', '14:35:13'),
(1106, '2016-05-28', 30, 2, 63, 1, '850.00', '14:35:13'),
(1107, '2016-05-28', 30, 3, 3, 1, '600.00', '14:51:01'),
(1108, '2016-05-28', 31, 1, 5, 1, '600.00', '14:56:59'),
(1109, '2016-05-28', 31, 1, 41, 1, '650.00', '14:56:59'),
(1110, '2016-05-28', 31, 2, 73, 1, '800.00', '15:04:23'),
(1111, '2016-05-28', 32, 1, 62, 1, '850.00', '16:47:53'),
(1112, '2016-05-28', 33, 1, 62, 1, '850.00', '16:50:07'),
(1113, '2016-05-29', 1, 1, 113, 1, '900.00', '04:45:46'),
(1114, '2016-05-29', 1, 1, 117, 1, '500.00', '04:45:46'),
(1115, '2016-05-29', 1, 1, 120, 1, '400.00', '04:45:46'),
(1116, '2016-05-29', 2, 1, 97, 1, '800.00', '05:14:05'),
(1117, '2016-05-29', 2, 1, 111, 1, '850.00', '05:14:05'),
(1118, '2016-05-29', 2, 1, 116, 1, '250.00', '05:14:05'),
(1119, '2016-05-29', 2, 1, 146, 1, '850.00', '05:14:05'),
(1120, '2016-05-29', 3, 1, 110, 1, '900.00', '05:20:43'),
(1121, '2016-05-29', 4, 1, 112, 1, '850.00', '05:21:25'),
(1122, '2016-05-29', 5, 1, 95, 1, '800.00', '05:21:44'),
(1123, '2016-05-29', 5, 1, 110, 1, '900.00', '05:21:44'),
(1124, '2016-05-29', 6, 1, 138, 1, '650.00', '05:33:14'),
(1125, '2016-05-29', 6, 1, 141, 1, '800.00', '05:33:14'),
(1126, '2016-05-29', 6, 1, 142, 1, '750.00', '05:33:14'),
(1127, '2016-05-29', 7, 1, 91, 1, '800.00', '05:38:17'),
(1128, '2016-05-29', 8, 1, 92, 1, '800.00', '05:44:02'),
(1129, '2016-05-29', 8, 1, 97, 1, '800.00', '05:44:02'),
(1130, '2016-05-29', 9, 1, 141, 1, '800.00', '05:46:49'),
(1131, '2016-05-29', 9, 1, 142, 1, '750.00', '05:46:49'),
(1132, '2016-05-29', 10, 1, 110, 1, '900.00', '05:50:41'),
(1133, '2016-05-29', 10, 1, 113, 1, '900.00', '05:50:41'),
(1134, '2016-05-29', 10, 1, 146, 1, '850.00', '05:50:41'),
(1135, '2016-05-29', 11, 1, 109, 1, '1100.00', '06:07:58'),
(1136, '2016-05-29', 12, 1, 110, 1, '900.00', '06:11:36'),
(1137, '2016-05-29', 10, 2, 146, -1, '850.00', '06:18:42'),
(1138, '2016-05-29', 13, 1, 110, 1, '900.00', '06:22:58'),
(1139, '2016-05-29', 14, 1, 110, 1, '900.00', '06:25:13'),
(1140, '2016-05-29', 14, 1, 146, 1, '850.00', '06:25:13'),
(1141, '2016-05-29', 15, 1, 110, 1, '900.00', '06:51:26'),
(1142, '2016-05-29', 15, 1, 113, 1, '900.00', '06:51:26'),
(1143, '2016-05-29', 16, 1, 94, 1, '800.00', '07:13:46'),
(1144, '2016-05-29', 16, 1, 113, 1, '900.00', '07:13:46'),
(1145, '2016-05-29', 16, 1, 147, 1, '100.00', '07:13:46'),
(1146, '2016-05-29', 17, 1, 71, 1, '1000.00', '10:05:53'),
(1147, '2016-05-29', 18, 1, 4, 4, '600.00', '10:29:49'),
(1148, '2016-05-29', 18, 1, 35, 1, '500.00', '10:29:49'),
(1149, '2016-05-29', 18, 1, 39, 1, '750.00', '10:29:49'),
(1150, '2016-05-29', 18, 1, 40, 1, '750.00', '10:29:49'),
(1151, '2016-05-29', 18, 1, 49, 1, '550.00', '10:29:49'),
(1152, '2016-05-29', 18, 2, 4, 2, '600.00', '10:38:25'),
(1153, '2016-05-29', 18, 3, 8, 2, '450.00', '10:47:43'),
(1154, '2016-05-29', 18, 3, 43, 1, '750.00', '10:47:43'),
(1155, '2016-05-29', 18, 3, 62, 1, '850.00', '10:47:43'),
(1156, '2016-05-29', 19, 1, 57, 1, '950.00', '10:51:22'),
(1157, '2016-05-29', 18, 4, 4, 1, '600.00', '10:53:23'),
(1158, '2016-05-29', 18, 5, 4, 2, '600.00', '11:03:46'),
(1159, '2016-05-29', 20, 1, 116, 1, '250.00', '11:07:58'),
(1160, '2016-05-29', 20, 1, 58, 1, '900.00', '11:07:58'),
(1161, '2016-05-29', 20, 1, 90, 1, '200.00', '11:07:58'),
(1162, '2016-05-29', 20, 2, 62, 1, '850.00', '11:11:37'),
(1163, '2016-05-29', 21, 1, 58, 1, '900.00', '11:16:32'),
(1164, '2016-05-29', 18, 6, 54, 1, '950.00', '11:17:58'),
(1165, '2016-05-29', 18, 6, 57, 1, '950.00', '11:17:58'),
(1166, '2016-05-29', 18, 6, 58, 1, '900.00', '11:17:58'),
(1167, '2016-05-29', 18, 6, 69, 1, '950.00', '11:17:58'),
(1168, '2016-05-29', 18, 7, 8, 1, '450.00', '11:26:09'),
(1169, '2016-05-29', 22, 1, 40, 1, '750.00', '11:29:04'),
(1170, '2016-05-29', 22, 1, 49, 1, '550.00', '11:29:04'),
(1171, '2016-05-29', 22, 1, 139, 1, '800.00', '11:29:04'),
(1172, '2016-05-29', 23, 1, 139, 1, '800.00', '11:34:00'),
(1173, '2016-05-29', 18, 8, 4, 2, '600.00', '11:36:42'),
(1174, '2016-05-29', 24, 1, 1, 2, '450.00', '11:43:20'),
(1175, '2016-05-29', 24, 1, 43, 1, '750.00', '11:43:20'),
(1176, '2016-05-29', 24, 1, 47, 1, '750.00', '11:43:20'),
(1177, '2016-05-29', 25, 1, 1, 2, '450.00', '11:45:50'),
(1178, '2016-05-29', 25, 1, 40, 1, '750.00', '11:45:50'),
(1179, '2016-05-29', 25, 1, 43, 1, '750.00', '11:45:50'),
(1180, '2016-05-29', 25, 1, 61, 1, '950.00', '11:45:50'),
(1181, '2016-05-29', 26, 1, 1, 2, '450.00', '11:48:36'),
(1182, '2016-05-29', 26, 1, 35, 1, '500.00', '11:48:36'),
(1183, '2016-05-29', 26, 1, 37, 1, '700.00', '11:48:36'),
(1184, '2016-05-29', 26, 1, 40, 1, '750.00', '11:48:36'),
(1185, '2016-05-29', 27, 1, 138, 1, '650.00', '11:53:45'),
(1186, '2016-05-29', 28, 1, 1, 1, '450.00', '11:59:24'),
(1187, '2016-05-29', 28, 1, 35, 1, '500.00', '11:59:24'),
(1188, '2016-05-29', 28, 1, 58, 1, '900.00', '11:59:24'),
(1189, '2016-05-29', 26, 2, 7, 1, '450.00', '12:01:41'),
(1190, '2016-05-29', 26, 2, 37, -1, '700.00', '12:01:41'),
(1191, '2016-05-29', 26, 2, 47, 1, '750.00', '12:01:41'),
(1192, '2016-05-29', 25, 2, 1, 2, '450.00', '12:02:39'),
(1193, '2016-05-29', 26, 3, 42, 1, '600.00', '12:04:07'),
(1194, '2016-05-29', 25, 3, 39, 1, '750.00', '12:07:51'),
(1195, '2016-05-29', 25, 3, 54, 1, '950.00', '12:07:51'),
(1196, '2016-05-29', 26, 4, 1, 1, '450.00', '12:10:07'),
(1197, '2016-05-29', 29, 1, 4, 2, '600.00', '12:14:09'),
(1198, '2016-05-29', 29, 1, 43, 1, '750.00', '12:14:09'),
(1199, '2016-05-29', 29, 1, 44, 1, '800.00', '12:14:09'),
(1200, '2016-05-29', 29, 1, 47, 1, '750.00', '12:14:09'),
(1201, '2016-05-29', 30, 1, 61, 1, '950.00', '12:17:43'),
(1202, '2016-05-29', 26, 5, 7, 1, '450.00', '12:24:01'),
(1203, '2016-05-29', 29, 2, 75, 1, '1100.00', '12:25:51'),
(1204, '2016-05-29', 26, 6, 54, 1, '950.00', '12:30:44'),
(1205, '2016-05-29', 26, 6, 61, 1, '950.00', '12:30:44'),
(1206, '2016-05-29', 28, 2, 1, 1, '450.00', '12:33:18'),
(1207, '2016-05-29', 25, 4, 1, 1, '450.00', '12:35:34'),
(1208, '2016-05-29', 31, 1, 6, 1, '600.00', '12:36:08'),
(1209, '2016-05-29', 31, 1, 10, 1, '450.00', '12:36:08'),
(1210, '2016-05-29', 31, 1, 35, 1, '500.00', '12:36:08'),
(1211, '2016-05-29', 31, 2, 62, 1, '850.00', '12:37:05'),
(1212, '2016-05-29', 29, 3, 90, 1, '200.00', '12:38:53'),
(1213, '2016-05-29', 32, 1, 141, 1, '800.00', '12:39:39'),
(1214, '2016-05-29', 32, 1, 147, 1, '100.00', '12:39:39'),
(1215, '2016-05-29', 29, 4, 3, 1, '600.00', '12:51:29'),
(1216, '2016-05-29', 29, 5, 90, -1, '200.00', '12:51:58'),
(1217, '2016-05-29', 33, 1, 5, 1, '600.00', '12:59:58'),
(1218, '2016-05-29', 33, 1, 11, 1, '600.00', '12:59:58'),
(1219, '2016-05-29', 33, 1, 36, 1, '650.00', '12:59:58'),
(1220, '2016-05-29', 33, 1, 39, 1, '750.00', '12:59:58'),
(1221, '2016-05-29', 33, 1, 47, 1, '750.00', '12:59:58'),
(1222, '2016-05-29', 33, 1, 58, 1, '900.00', '12:59:58'),
(1223, '2016-05-29', 31, 3, 58, 1, '900.00', '13:00:40'),
(1224, '2016-05-29', 31, 4, 11, 1, '600.00', '13:12:02'),
(1225, '2016-05-29', 31, 4, 13, 1, '450.00', '13:12:02'),
(1226, '2016-05-29', 29, 6, 56, 1, '850.00', '13:13:35'),
(1227, '2016-05-29', 29, 6, 62, 1, '850.00', '13:13:35'),
(1228, '2016-05-29', 34, 1, 47, 1, '750.00', '13:18:01'),
(1229, '2016-05-29', 34, 1, 75, 1, '1100.00', '13:18:01'),
(1230, '2016-05-29', 33, 2, 5, 1, '600.00', '13:21:25'),
(1231, '2016-05-29', 34, 2, 4, 1, '600.00', '13:23:05'),
(1232, '2016-05-29', 34, 2, 19, 1, '400.00', '13:23:05'),
(1233, '2016-05-29', 35, 1, 40, 1, '750.00', '13:24:06'),
(1234, '2016-05-29', 35, 1, 43, 1, '750.00', '13:24:06'),
(1235, '2016-05-29', 35, 1, 48, 1, '800.00', '13:24:06'),
(1236, '2016-05-29', 35, 1, 65, 1, '650.00', '13:24:06'),
(1237, '2016-05-29', 35, 1, 89, 2, '300.00', '13:24:06'),
(1238, '2016-05-29', 35, 2, 74, 1, '750.00', '13:33:27'),
(1239, '2016-05-29', 35, 2, 89, -1, '300.00', '13:33:27'),
(1240, '2016-05-29', 34, 3, 57, 1, '950.00', '13:37:23'),
(1241, '2016-05-29', 36, 1, 4, 2, '600.00', '13:50:39'),
(1242, '2016-05-29', 36, 1, 47, 1, '750.00', '13:50:39'),
(1243, '2016-05-29', 36, 1, 55, 1, '950.00', '13:50:39'),
(1244, '2016-05-29', 36, 1, 69, 1, '950.00', '13:50:39'),
(1245, '2016-05-29', 35, 3, 40, 1, '750.00', '13:55:51'),
(1246, '2016-05-29', 35, 3, 77, 1, '750.00', '13:55:51'),
(1247, '2016-05-29', 29, 7, 82, 1, '450.00', '13:56:16'),
(1248, '2016-05-29', 36, 2, 3, 1, '600.00', '14:17:23'),
(1249, '2016-05-29', 37, 1, 4, 2, '600.00', '14:19:51'),
(1250, '2016-05-29', 37, 1, 35, 1, '500.00', '14:19:51'),
(1251, '2016-05-29', 37, 1, 48, 1, '800.00', '14:19:51'),
(1252, '2016-05-29', 30, 2, 61, -1, '950.00', '14:21:52'),
(1253, '2016-05-30', 1, 1, 110, 1, '900.00', '04:53:18'),
(1254, '2016-05-30', 1, 1, 146, 1, '850.00', '04:53:18'),
(1255, '2016-05-30', 2, 1, 112, 1, '850.00', '05:07:23'),
(1256, '2016-05-30', 2, 1, 114, 1, '950.00', '05:07:23'),
(1257, '2016-05-30', 3, 1, 110, 1, '900.00', '05:15:59'),
(1258, '2016-05-30', 4, 1, 142, 1, '750.00', '05:28:58'),
(1259, '2016-05-30', 5, 1, 111, 1, '850.00', '05:54:40'),
(1260, '2016-05-30', 5, 2, 1, 1, '450.00', '05:56:04'),
(1261, '2016-05-30', 6, 1, 91, 1, '800.00', '05:56:56'),
(1262, '2016-05-30', 7, 1, 111, 1, '850.00', '06:07:02'),
(1263, '2016-05-30', 7, 1, 146, 1, '850.00', '06:07:02'),
(1264, '2016-05-30', 8, 1, 54, 1, '950.00', '07:21:52'),
(1265, '2016-05-30', 8, 1, 90, 1, '200.00', '07:21:52'),
(1266, '2016-05-30', 9, 1, 113, 1, '900.00', '07:22:15'),
(1267, '2016-05-30', 10, 1, 116, 1, '250.00', '07:23:19'),
(1268, '2016-05-30', 10, 1, 119, 1, '100.00', '07:23:19'),
(1269, '2016-05-30', 10, 1, 146, 1, '850.00', '07:23:19'),
(1270, '2016-05-30', 11, 1, 58, 1, '900.00', '07:46:03'),
(1271, '2016-05-30', 12, 1, 111, 1, '850.00', '07:47:59'),
(1272, '2016-05-30', 12, 1, 146, 1, '850.00', '07:47:59'),
(1273, '2016-05-30', 11, 2, 90, 1, '200.00', '07:50:47'),
(1274, '2016-05-30', 13, 1, 138, 1, '650.00', '10:19:04'),
(1275, '2016-05-30', 14, 1, 1, 1, '450.00', '12:21:23'),
(1276, '2016-05-30', 14, 1, 57, 1, '950.00', '12:21:23'),
(1277, '2016-05-30', 14, 1, 69, 1, '950.00', '12:21:23'),
(1278, '2016-05-30', 15, 1, 1, 2, '450.00', '12:22:29'),
(1279, '2016-05-30', 16, 1, 54, 1, '950.00', '12:37:07'),
(1280, '2016-05-30', 16, 1, 55, 1, '950.00', '12:37:07'),
(1281, '2016-05-30', 15, 2, 1, 1, '450.00', '12:55:43'),
(1282, '2016-05-30', 15, 2, 54, 1, '950.00', '12:55:43'),
(1283, '2016-05-30', 17, 1, 138, 1, '650.00', '13:08:34'),
(1284, '2016-05-30', 18, 1, 144, 1, '700.00', '13:12:20'),
(1285, '2016-05-30', 19, 1, 7, 1, '450.00', '13:28:23'),
(1286, '2016-05-30', 19, 1, 35, 1, '500.00', '13:28:23'),
(1287, '2016-05-30', 20, 1, 1, 1, '450.00', '13:48:10'),
(1288, '2016-05-30', 20, 1, 35, 1, '500.00', '13:48:10'),
(1289, '2016-05-30', 20, 1, 70, 1, '950.00', '13:48:10'),
(1290, '2016-05-30', 19, 2, 55, 1, '950.00', '13:53:16'),
(1291, '2016-05-30', 21, 1, 3, 1, '600.00', '14:33:08'),
(1292, '2016-05-30', 21, 1, 5, 2, '600.00', '14:33:08'),
(1293, '2016-05-30', 21, 2, 35, 1, '500.00', '14:34:31'),
(1294, '2016-05-30', 21, 2, 37, 1, '700.00', '14:34:31'),
(1295, '2016-05-30', 21, 2, 39, 1, '750.00', '14:34:31'),
(1296, '2016-05-30', 21, 2, 43, 1, '750.00', '14:34:31'),
(1297, '2016-05-30', 21, 2, 48, 1, '800.00', '14:34:31'),
(1298, '2016-05-30', 21, 3, 90, 1, '200.00', '14:42:45'),
(1299, '2016-05-30', 21, 4, 54, 1, '950.00', '22:02:43'),
(1300, '2016-05-30', 21, 4, 75, 1, '1100.00', '22:02:43'),
(1301, '2016-05-30', 21, 5, 5, 2, '600.00', '22:10:56'),
(1302, '2016-05-30', 21, 5, 54, 1, '950.00', '22:10:56'),
(1303, '2016-05-30', 21, 5, 75, 1, '1100.00', '22:10:56'),
(1304, '2016-05-30', 21, 6, 54, -1, '950.00', '22:15:11'),
(1305, '2016-05-30', 21, 6, 75, -1, '1100.00', '22:15:11'),
(1306, '2016-05-31', 1, 1, 112, 1, '850.00', '11:13:18'),
(1307, '2016-05-31', 2, 1, 110, 1, '900.00', '11:54:44'),
(1308, '2016-05-31', 2, 1, 112, 1, '850.00', '11:54:44'),
(1309, '2016-05-31', 3, 1, 112, 1, '850.00', '12:05:21'),
(1310, '2016-05-31', 3, 1, 117, 1, '500.00', '12:05:21'),
(1311, '2016-05-31', 3, 1, 118, 1, '550.00', '12:05:21'),
(1312, '2016-05-31', 4, 1, 112, 1, '850.00', '12:32:46'),
(1313, '2016-05-31', 5, 1, 146, 1, '850.00', '12:33:05'),
(1314, '2016-05-31', 6, 1, 110, 1, '900.00', '12:33:20'),
(1315, '2016-05-31', 7, 1, 139, 1, '800.00', '12:46:09'),
(1316, '2016-05-31', 7, 1, 147, 1, '100.00', '12:46:09'),
(1317, '2016-05-31', 8, 1, 144, 1, '700.00', '12:50:06'),
(1318, '2016-05-31', 9, 1, 91, 1, '800.00', '13:57:31'),
(1319, '2016-05-31', 9, 1, 111, 1, '850.00', '13:57:31'),
(1320, '2016-05-31', 10, 1, 113, 1, '900.00', '14:33:42'),
(1321, '2016-05-31', 10, 2, 119, 1, '100.00', '14:34:00'),
(1322, '2016-05-31', 11, 1, 1, 4, '450.00', '17:22:19'),
(1323, '2016-05-31', 11, 2, 50, 1, '750.00', '17:31:41'),
(1324, '2016-05-31', 12, 1, 1, 1, '450.00', '17:36:49'),
(1325, '2016-05-31', 12, 1, 25, 1, '400.00', '17:36:49'),
(1326, '2016-05-31', 12, 1, 34, 1, '400.00', '17:36:49'),
(1327, '2016-05-31', 12, 2, 35, 2, '500.00', '17:46:31'),
(1328, '2016-05-31', 12, 2, 37, 1, '700.00', '17:46:31'),
(1329, '2016-05-31', 12, 2, 41, 1, '650.00', '17:46:31'),
(1330, '2016-05-31', 12, 2, 54, 2, '950.00', '17:46:31'),
(1331, '2016-05-31', 12, 2, 62, 1, '850.00', '17:46:31'),
(1332, '2016-05-31', 13, 1, 1, 1, '450.00', '17:50:03'),
(1333, '2016-05-31', 13, 1, 50, 1, '750.00', '17:50:03'),
(1334, '2016-05-31', 11, 3, 1, 2, '450.00', '17:57:53'),
(1335, '2016-05-31', 11, 3, 43, 1, '750.00', '17:57:53'),
(1336, '2016-05-31', 12, 3, 22, 1, '400.00', '18:02:23'),
(1337, '2016-05-31', 11, 4, 1, 2, '450.00', '18:02:42'),
(1338, '2016-05-31', 12, 4, 17, 1, '300.00', '18:05:05'),
(1339, '2016-05-31', 14, 1, 69, 1, '950.00', '18:07:43'),
(1340, '2016-05-31', 15, 1, 43, 1, '750.00', '18:28:07'),
(1341, '2016-05-31', 15, 1, 71, 1, '1000.00', '18:28:07'),
(1342, '2016-05-31', 11, 5, 7, 2, '450.00', '18:41:12'),
(1343, '2016-05-31', 11, 6, 7, 2, '450.00', '18:59:19'),
(1344, '2016-05-31', 16, 1, 142, 1, '750.00', '18:59:43'),
(1345, '2016-05-31', 12, 5, 81, 1, '350.00', '19:01:56'),
(1346, '2016-05-31', 12, 5, 83, 1, '450.00', '19:01:56'),
(1347, '2016-05-31', 12, 5, 85, 1, '500.00', '19:01:56'),
(1348, '2016-05-31', 17, 1, 31, 2, '400.00', '19:04:24'),
(1349, '2016-05-31', 17, 1, 34, 1, '400.00', '19:04:24'),
(1350, '2016-05-31', 17, 1, 40, 1, '750.00', '19:04:24'),
(1351, '2016-05-31', 17, 1, 47, 1, '750.00', '19:04:24'),
(1352, '2016-05-31', 17, 2, 55, 1, '950.00', '19:04:50'),
(1353, '2016-05-31', 17, 3, 36, 1, '650.00', '19:31:31'),
(1354, '2016-05-31', 17, 3, 53, 1, '650.00', '19:31:31'),
(1355, '2016-05-31', 18, 1, 1, 2, '450.00', '19:52:54'),
(1356, '2016-05-31', 18, 1, 35, 1, '500.00', '19:52:54'),
(1357, '2016-05-31', 18, 1, 40, 1, '750.00', '19:52:54'),
(1358, '2016-05-31', 18, 1, 53, 1, '650.00', '19:52:54'),
(1359, '2016-05-31', 17, 4, 23, 1, '400.00', '19:58:57'),
(1360, '2016-05-31', 17, 4, 32, 1, '400.00', '19:58:57'),
(1361, '2016-05-31', 17, 4, 62, 1, '850.00', '19:58:57'),
(1362, '2016-05-31', 19, 1, 14, 1, '650.00', '20:00:31'),
(1363, '2016-05-31', 19, 1, 28, 1, '400.00', '20:00:31'),
(1364, '2016-05-31', 19, 1, 35, 1, '500.00', '20:00:31'),
(1365, '2016-05-31', 19, 1, 42, 1, '600.00', '20:00:31'),
(1366, '2016-05-31', 19, 1, 58, 1, '900.00', '20:00:31'),
(1367, '2016-05-31', 18, 2, 3, 1, '600.00', '20:13:39'),
(1368, '2016-05-31', 18, 2, 10, 1, '450.00', '20:13:39'),
(1369, '2016-05-31', 17, 5, 80, 1, '300.00', '20:22:42'),
(1370, '2016-05-31', 17, 5, 81, 2, '350.00', '20:22:42'),
(1371, '2016-05-31', 19, 2, 54, 1, '950.00', '20:26:45'),
(1372, '2016-05-31', 20, 1, 35, 1, '500.00', '20:29:54'),
(1373, '2016-05-31', 20, 1, 71, 1, '1000.00', '20:29:54'),
(1374, '2016-05-31', 18, 3, 68, 1, '750.00', '20:30:37'),
(1375, '2016-05-31', 18, 4, 3, 1, '600.00', '20:40:34'),
(1376, '2016-05-31', 18, 4, 10, 1, '450.00', '20:40:34'),
(1377, '2016-05-31', 18, 5, 3, 1, '600.00', '21:08:28'),
(1378, '2016-05-31', 21, 1, 35, 1, '500.00', '21:22:48'),
(1379, '2016-05-31', 21, 1, 49, 1, '550.00', '21:22:48'),
(1380, '2016-05-31', 21, 2, 1, 2, '450.00', '21:23:25'),
(1381, '2016-05-31', 22, 1, 3, 1, '600.00', '21:25:35'),
(1382, '2016-05-31', 22, 1, 34, 1, '400.00', '21:25:35'),
(1383, '2016-05-31', 22, 1, 35, 1, '500.00', '21:25:35'),
(1384, '2016-05-31', 22, 1, 48, 1, '800.00', '21:25:35'),
(1385, '2016-05-31', 22, 1, 54, 1, '950.00', '21:25:35'),
(1386, '2016-05-31', 22, 1, 58, 1, '900.00', '21:25:35'),
(1387, '2016-05-31', 22, 1, 62, 1, '850.00', '21:25:35'),
(1388, '2016-05-31', 21, 3, 66, 1, '750.00', '21:27:06'),
(1389, '2016-05-31', 21, 4, 1, 1, '450.00', '21:28:45'),
(1390, '2016-05-31', 22, 2, 1, 1, '450.00', '21:30:24'),
(1391, '2016-05-31', 23, 1, 69, 1, '950.00', '21:35:07'),
(1392, '2016-05-31', 23, 2, 43, 1, '750.00', '21:35:45'),
(1393, '2016-05-31', 21, 5, 11, 1, '600.00', '21:39:35'),
(1394, '2016-05-31', 21, 5, 12, 1, '600.00', '21:39:35'),
(1395, '2016-05-31', 24, 1, 1, 1, '450.00', '21:50:12'),
(1396, '2016-05-31', 24, 1, 40, 1, '750.00', '21:50:12'),
(1397, '2016-05-31', 24, 1, 44, 1, '800.00', '21:50:12'),
(1398, '2016-05-31', 24, 1, 47, 1, '750.00', '21:50:12'),
(1399, '2016-05-31', 25, 1, 1, 1, '450.00', '21:50:13'),
(1400, '2016-05-31', 25, 1, 40, 1, '750.00', '21:50:13'),
(1401, '2016-05-31', 25, 1, 44, 1, '800.00', '21:50:13'),
(1402, '2016-05-31', 25, 1, 47, 1, '750.00', '21:50:13'),
(1403, '2016-05-31', 21, 6, 58, 1, '900.00', '21:54:27'),
(1404, '2016-05-31', 21, 6, 69, 1, '950.00', '21:54:27'),
(1405, '2016-05-31', 25, 2, 1, 1, '450.00', '22:02:40'),
(1406, '2016-05-31', 25, 3, 54, 1, '950.00', '22:08:16'),
(1407, '2016-05-31', 25, 3, 57, 1, '950.00', '22:08:16'),
(1408, '2016-05-31', 25, 3, 62, 1, '850.00', '22:08:16'),
(1409, '2016-06-01', 1, 1, 139, 1, '800.00', '11:56:16'),
(1410, '2016-06-01', 2, 1, 143, 1, '750.00', '12:02:11'),
(1411, '2016-06-01', 3, 1, 113, 1, '900.00', '12:04:16'),
(1412, '2016-06-01', 4, 1, 110, 1, '900.00', '12:13:45'),
(1413, '2016-06-01', 4, 1, 146, 3, '850.00', '12:13:45'),
(1414, '2016-06-01', 5, 1, 110, 1, '900.00', '12:14:06'),
(1415, '2016-06-01', 4, 2, 112, 2, '850.00', '12:25:58'),
(1416, '2016-06-01', 6, 1, 146, 1, '850.00', '12:51:48'),
(1417, '2016-06-01', 6, 1, 62, 1, '850.00', '12:51:48'),
(1418, '2016-06-01', 7, 1, 112, 1, '850.00', '12:52:08'),
(1419, '2016-06-01', 8, 1, 112, 1, '850.00', '13:12:10'),
(1420, '2016-06-01', 9, 1, 92, 1, '800.00', '13:12:36'),
(1421, '2016-06-01', 6, 2, 146, -1, '850.00', '13:13:31'),
(1422, '2016-06-01', 10, 1, 91, 1, '800.00', '13:18:46'),
(1423, '2016-06-01', 10, 1, 119, 1, '100.00', '13:18:46'),
(1424, '2016-06-01', 10, 1, 146, 1, '850.00', '13:18:46'),
(1425, '2016-06-01', 11, 1, 138, 1, '650.00', '13:37:40'),
(1426, '2016-06-01', 12, 1, 113, 1, '900.00', '13:46:07'),
(1427, '2016-06-01', 13, 1, 138, 1, '650.00', '13:46:27'),
(1428, '2016-06-01', 13, 1, 139, 1, '800.00', '13:46:27'),
(1429, '2016-06-01', 13, 1, 144, 1, '700.00', '13:46:27'),
(1430, '2016-06-01', 14, 1, 92, 1, '800.00', '13:48:47'),
(1431, '2016-06-01', 15, 1, 92, 1, '800.00', '14:10:02'),
(1432, '2016-06-01', 16, 1, 111, 1, '850.00', '14:22:22'),
(1433, '2016-06-01', 17, 1, 38, 1, '750.00', '17:26:23'),
(1434, '2016-06-01', 17, 1, 43, 1, '750.00', '17:26:23'),
(1435, '2016-06-01', 17, 1, 44, 1, '800.00', '17:26:23'),
(1436, '2016-06-01', 17, 1, 56, 1, '850.00', '17:26:23'),
(1437, '2016-06-01', 17, 1, 62, 1, '850.00', '17:26:23'),
(1438, '2016-06-01', 17, 2, 38, -1, '750.00', '17:27:27'),
(1439, '2016-06-01', 17, 2, 43, -1, '750.00', '17:27:27'),
(1440, '2016-06-01', 17, 2, 44, -1, '800.00', '17:27:27'),
(1441, '2016-06-01', 18, 1, 142, 1, '750.00', '17:34:57'),
(1442, '2016-06-01', 18, 1, 143, 1, '750.00', '17:34:57'),
(1443, '2016-06-01', 19, 1, 1, 1, '450.00', '18:09:09'),
(1444, '2016-06-01', 19, 1, 54, 1, '950.00', '18:09:09'),
(1445, '2016-06-01', 19, 2, 1, -1, '450.00', '18:11:23'),
(1446, '2016-06-01', 20, 1, 1, 1, '450.00', '18:11:53'),
(1447, '2016-06-01', 20, 2, 1, 1, '450.00', '18:16:06'),
(1448, '2016-06-01', 20, 2, 2, 1, '600.00', '18:16:06'),
(1449, '2016-06-01', 20, 2, 40, 1, '750.00', '18:16:06'),
(1450, '2016-06-01', 20, 2, 41, 1, '650.00', '18:16:06'),
(1451, '2016-06-01', 20, 3, 47, 1, '750.00', '18:27:10'),
(1452, '2016-06-01', 20, 4, 9, 1, '450.00', '18:33:17'),
(1453, '2016-06-01', 20, 5, 54, 1, '950.00', '18:35:14'),
(1454, '2016-06-01', 20, 5, 59, 1, '800.00', '18:35:14'),
(1455, '2016-06-01', 21, 1, 139, 1, '800.00', '18:35:32'),
(1456, '2016-06-01', 22, 1, 15, 1, '550.00', '18:41:27'),
(1457, '2016-06-01', 22, 1, 16, 1, '550.00', '18:41:27'),
(1458, '2016-06-01', 22, 1, 35, 1, '500.00', '18:41:27'),
(1459, '2016-06-01', 22, 1, 37, 1, '700.00', '18:41:27'),
(1460, '2016-06-01', 22, 1, 65, 1, '650.00', '18:41:27'),
(1461, '2016-06-01', 22, 1, 66, 1, '750.00', '18:41:27'),
(1462, '2016-06-01', 23, 1, 139, 1, '800.00', '18:47:07'),
(1463, '2016-06-01', 20, 6, 1, 1, '450.00', '18:48:50'),
(1464, '2016-06-01', 24, 1, 48, 1, '800.00', '18:54:43'),
(1465, '2016-06-01', 24, 2, 35, 1, '500.00', '19:00:47'),
(1466, '2016-06-01', 25, 1, 1, 1, '450.00', '19:05:09'),
(1467, '2016-06-01', 26, 2, 1, 1, '450.00', '19:27:11'),
(1468, '2016-06-01', 26, 2, 23, 1, '400.00', '19:27:11'),
(1469, '2016-06-01', 26, 2, 35, 1, '500.00', '19:27:11'),
(1470, '2016-06-01', 26, 2, 37, 1, '700.00', '19:27:11'),
(1471, '2016-06-01', 26, 2, 59, 1, '800.00', '19:27:11'),
(1472, '2016-06-01', 26, 2, 65, 1, '650.00', '19:27:11'),
(1473, '2016-06-01', 26, 2, 69, 1, '950.00', '19:27:11'),
(1474, '2016-06-01', 25, 2, 3, 1, '600.00', '19:32:01'),
(1475, '2016-06-01', 25, 3, 1, 1, '450.00', '19:51:38'),
(1476, '2016-06-01', 25, 3, 3, 1, '600.00', '19:51:38'),
(1477, '2016-06-01', 25, 3, 37, 1, '700.00', '19:51:38'),
(1478, '2016-06-01', 25, 3, 43, 1, '750.00', '19:51:38'),
(1479, '2016-06-01', 25, 3, 48, 1, '800.00', '19:51:38'),
(1480, '2016-06-01', 25, 3, 54, 1, '950.00', '19:51:38'),
(1481, '2016-06-01', 25, 3, 61, 1, '950.00', '19:51:38'),
(1482, '2016-06-01', 27, 1, 1, 2, '450.00', '20:05:27'),
(1483, '2016-06-01', 27, 1, 48, 1, '800.00', '20:05:27'),
(1484, '2016-06-01', 27, 1, 63, 1, '850.00', '20:05:27'),
(1485, '2016-06-01', 27, 1, 68, 1, '750.00', '20:05:27'),
(1486, '2016-06-01', 26, 3, 80, 1, '300.00', '20:05:40'),
(1487, '2016-06-01', 25, 4, 75, 1, '1100.00', '20:06:09'),
(1488, '2016-06-01', 28, 1, 138, 1, '650.00', '20:13:48'),
(1489, '2016-06-01', 29, 1, 40, 1, '750.00', '20:23:56'),
(1490, '2016-06-01', 29, 1, 54, 1, '950.00', '20:23:56'),
(1491, '2016-06-01', 27, 2, 14, 2, '650.00', '20:31:34'),
(1492, '2016-06-01', 27, 2, 28, 1, '400.00', '20:31:34'),
(1493, '2016-06-01', 27, 2, 54, 1, '950.00', '20:31:34'),
(1494, '2016-06-01', 27, 2, 56, 1, '850.00', '20:31:34'),
(1495, '2016-06-01', 30, 1, 70, 1, '950.00', '20:39:41'),
(1496, '2016-06-01', 31, 1, 1, 1, '450.00', '20:44:16'),
(1497, '2016-06-01', 31, 1, 6, 1, '600.00', '20:44:16'),
(1498, '2016-06-01', 31, 1, 49, 1, '550.00', '20:44:16'),
(1499, '2016-06-01', 31, 1, 57, 1, '950.00', '20:44:16'),
(1500, '2016-06-01', 31, 1, 72, 1, '950.00', '20:44:16'),
(1501, '2016-06-01', 32, 1, 3, 1, '600.00', '20:46:28'),
(1502, '2016-06-01', 32, 1, 54, 1, '950.00', '20:46:28'),
(1503, '2016-06-01', 33, 1, 49, 1, '550.00', '20:58:33'),
(1504, '2016-06-01', 33, 1, 141, 1, '800.00', '20:58:33'),
(1505, '2016-06-01', 31, 2, 1, 1, '450.00', '21:01:33'),
(1506, '2016-06-01', 34, 1, 35, 1, '500.00', '21:19:47'),
(1507, '2016-06-01', 34, 1, 139, 1, '800.00', '21:19:47'),
(1508, '2016-06-01', 35, 1, 62, 1, '850.00', '21:20:43'),
(1509, '2016-06-01', 31, 3, 1, 1, '450.00', '21:22:29'),
(1510, '2016-06-01', 31, 3, 53, 2, '650.00', '21:22:29'),
(1511, '2016-06-01', 36, 1, 35, 1, '500.00', '21:31:39'),
(1512, '2016-06-01', 36, 1, 54, 1, '950.00', '21:31:39'),
(1513, '2016-06-01', 36, 2, 62, 1, '850.00', '21:44:27'),
(1514, '2016-06-01', 36, 3, 37, 1, '700.00', '21:54:43'),
(1515, '2016-06-02', 1, 1, 91, 1, '800.00', '11:24:49'),
(1516, '2016-06-02', 1, 1, 111, 1, '850.00', '11:24:49'),
(1517, '2016-06-02', 1, 1, 118, 1, '550.00', '11:24:49'),
(1518, '2016-06-02', 1, 1, 4, 1, '600.00', '11:24:49'),
(1519, '2016-06-02', 2, 1, 114, 1, '950.00', '11:26:38'),
(1520, '2016-06-02', 2, 1, 146, 1, '850.00', '11:26:38'),
(1521, '2016-06-02', 3, 1, 112, 1, '850.00', '11:27:15'),
(1522, '2016-06-02', 4, 1, 114, 1, '950.00', '11:27:37'),
(1523, '2016-06-02', 5, 1, 111, 1, '850.00', '11:28:05'),
(1524, '2016-06-02', 6, 1, 114, 1, '950.00', '11:57:21'),
(1525, '2016-06-02', 7, 1, 110, 1, '900.00', '12:00:30'),
(1526, '2016-06-02', 7, 1, 113, 1, '900.00', '12:00:30'),
(1527, '2016-06-02', 8, 1, 110, 1, '900.00', '12:09:41'),
(1528, '2016-06-02', 9, 1, 138, 1, '650.00', '12:22:13'),
(1529, '2016-06-02', 10, 1, 113, 1, '900.00', '12:26:05'),
(1530, '2016-06-02', 10, 1, 90, 1, '200.00', '12:26:05'),
(1531, '2016-06-02', 11, 1, 111, 1, '850.00', '12:28:45'),
(1532, '2016-06-02', 11, 1, 113, 1, '900.00', '12:28:45'),
(1533, '2016-06-02', 11, 1, 114, 1, '950.00', '12:28:45'),
(1534, '2016-06-02', 12, 1, 142, 1, '750.00', '12:49:54'),
(1535, '2016-06-02', 13, 1, 109, 2, '1100.00', '12:54:43'),
(1536, '2016-06-02', 13, 1, 111, 1, '850.00', '12:54:43'),
(1537, '2016-06-02', 13, 1, 114, 1, '950.00', '12:54:43'),
(1538, '2016-06-02', 14, 1, 91, 1, '800.00', '13:17:35'),
(1539, '2016-06-02', 14, 1, 110, 1, '900.00', '13:17:35'),
(1540, '2016-06-02', 15, 1, 112, 1, '850.00', '13:33:38'),
(1541, '2016-06-02', 16, 1, 91, 1, '800.00', '13:38:12'),
(1542, '2016-06-02', 17, 1, 144, 1, '700.00', '13:54:14'),
(1543, '2016-06-02', 18, 1, 91, 1, '800.00', '15:34:31'),
(1544, '2016-06-02', 18, 1, 1, 2, '450.00', '15:34:31'),
(1545, '2016-06-02', 18, 1, 35, 2, '500.00', '15:34:31'),
(1546, '2016-06-02', 18, 1, 36, 1, '650.00', '15:34:31'),
(1547, '2016-06-02', 18, 1, 39, 1, '750.00', '15:34:31'),
(1548, '2016-06-02', 19, 1, 138, 1, '650.00', '15:38:28'),
(1549, '2016-06-02', 19, 1, 140, 1, '650.00', '15:38:28'),
(1550, '2016-06-02', 20, 1, 139, 1, '800.00', '18:34:54'),
(1551, '2016-06-02', 20, 1, 142, 1, '750.00', '18:34:54'),
(1552, '2016-06-02', 21, 1, 142, 1, '750.00', '18:46:10'),
(1553, '2016-06-02', 21, 1, 143, 1, '750.00', '18:46:10'),
(1554, '2016-06-02', 21, 1, 147, 1, '100.00', '18:46:10'),
(1555, '2016-06-02', 22, 1, 1, 1, '450.00', '19:05:41'),
(1556, '2016-06-02', 22, 1, 12, 1, '600.00', '19:05:41'),
(1557, '2016-06-02', 22, 1, 40, 1, '750.00', '19:05:41'),
(1558, '2016-06-02', 22, 1, 51, 1, '850.00', '19:05:41'),
(1559, '2016-06-02', 22, 1, 63, 1, '850.00', '19:05:41'),
(1560, '2016-06-02', 23, 1, 138, 1, '650.00', '19:39:01'),
(1561, '2016-06-02', 24, 1, 142, 1, '750.00', '19:41:45'),
(1562, '2016-06-02', 24, 1, 144, 1, '700.00', '19:41:45'),
(1563, '2016-06-02', 22, 2, 49, 1, '550.00', '19:48:41'),
(1564, '2016-06-02', 22, 2, 90, 1, '200.00', '19:48:41'),
(1565, '2016-06-02', 25, 1, 135, 1, '400.00', '20:09:47'),
(1566, '2016-06-02', 25, 1, 17, 2, '300.00', '20:09:47'),
(1567, '2016-06-02', 25, 1, 39, 1, '750.00', '20:09:47'),
(1568, '2016-06-02', 25, 1, 43, 1, '750.00', '20:09:47'),
(1569, '2016-06-02', 25, 1, 54, 1, '950.00', '20:09:47'),
(1570, '2016-06-02', 25, 1, 56, 1, '850.00', '20:09:47'),
(1571, '2016-06-02', 25, 1, 74, 1, '750.00', '20:09:47'),
(1572, '2016-06-02', 25, 1, 147, 1, '100.00', '20:09:47'),
(1573, '2016-06-02', 25, 1, 148, 1, '200.00', '20:09:47'),
(1574, '2016-06-02', 26, 1, 2, 1, '600.00', '20:13:47'),
(1575, '2016-06-02', 26, 2, 47, 1, '750.00', '20:16:19'),
(1576, '2016-06-02', 26, 2, 54, 1, '950.00', '20:16:19'),
(1577, '2016-06-02', 26, 2, 69, 1, '950.00', '20:16:19'),
(1578, '2016-06-02', 26, 3, 2, 1, '600.00', '20:29:21'),
(1579, '2016-06-02', 26, 3, 28, 1, '400.00', '20:29:21'),
(1580, '2016-06-02', 27, 1, 5, 1, '600.00', '20:48:03'),
(1581, '2016-06-02', 27, 1, 49, 1, '550.00', '20:48:03'),
(1582, '2016-06-02', 28, 1, 7, 1, '450.00', '21:04:42'),
(1583, '2016-06-02', 28, 1, 35, 1, '500.00', '21:04:42'),
(1584, '2016-06-02', 27, 2, 70, 1, '950.00', '21:05:13'),
(1585, '2016-06-02', 27, 3, 70, 1, '950.00', '21:13:27'),
(1586, '2016-06-02', 27, 4, 70, -1, '950.00', '21:14:11'),
(1587, '2016-06-03', 1, 1, 95, 1, '800.00', '12:03:13'),
(1588, '2016-06-03', 2, 1, 113, 1, '900.00', '12:14:18'),
(1589, '2016-06-03', 2, 1, 118, 1, '550.00', '12:14:18'),
(1590, '2016-06-03', 2, 1, 119, 1, '100.00', '12:14:18'),
(1591, '2016-06-03', 3, 1, 110, 1, '900.00', '12:28:54'),
(1592, '2016-06-03', 3, 1, 113, 1, '900.00', '12:28:54'),
(1593, '2016-06-03', 3, 1, 146, 1, '850.00', '12:28:54'),
(1594, '2016-06-03', 4, 1, 110, 1, '900.00', '12:29:13'),
(1595, '2016-06-03', 5, 1, 142, 3, '750.00', '12:29:40'),
(1596, '2016-06-03', 6, 1, 142, 1, '750.00', '12:30:21'),
(1597, '2016-06-03', 7, 1, 54, 1, '950.00', '12:31:23'),
(1598, '2016-06-03', 8, 1, 1, 1, '450.00', '12:59:06'),
(1599, '2016-06-03', 8, 1, 35, 1, '500.00', '12:59:06'),
(1600, '2016-06-03', 8, 1, 37, 1, '700.00', '12:59:06'),
(1601, '2016-06-03', 8, 2, 88, 1, '200.00', '12:59:53'),
(1602, '2016-06-03', 9, 1, 91, 1, '800.00', '13:10:16'),
(1603, '2016-06-03', 10, 1, 138, 1, '650.00', '14:21:09'),
(1604, '2016-06-03', 11, 1, 110, 1, '900.00', '14:52:53'),
(1605, '2016-06-03', 11, 1, 112, 1, '850.00', '14:52:53'),
(1606, '2016-06-03', 12, 1, 111, 1, '850.00', '14:53:15'),
(1607, '2016-06-03', 11, 2, 137, 2, '550.00', '14:54:23'),
(1608, '2016-06-03', 13, 1, 138, 1, '650.00', '14:59:18'),
(1609, '2016-06-03', 14, 1, 138, 1, '650.00', '14:59:40'),
(1610, '2016-06-03', 15, 1, 70, 1, '950.00', '18:27:14'),
(1611, '2016-06-03', 16, 1, 18, 1, '300.00', '18:27:53'),
(1612, '2016-06-03', 16, 1, 48, 1, '800.00', '18:27:53'),
(1613, '2016-06-03', 16, 2, 62, 1, '850.00', '18:52:26'),
(1614, '2016-06-03', 17, 1, 1, 2, '450.00', '19:25:25'),
(1615, '2016-06-03', 17, 1, 35, 1, '500.00', '19:25:25'),
(1616, '2016-06-03', 17, 1, 40, 1, '750.00', '19:25:25'),
(1617, '2016-06-03', 18, 1, 141, 1, '800.00', '19:31:10'),
(1618, '2016-06-03', 17, 2, 1, 1, '450.00', '19:37:59'),
(1619, '2016-06-03', 17, 2, 62, 1, '850.00', '19:37:59'),
(1620, '2016-06-03', 19, 1, 49, 1, '550.00', '20:21:28'),
(1621, '2016-06-03', 19, 1, 72, 1, '950.00', '20:21:28'),
(1622, '2016-06-03', 20, 1, 54, 1, '950.00', '20:27:50'),
(1623, '2016-06-03', 21, 1, 48, 1, '800.00', '20:49:04'),
(1624, '2016-06-03', 21, 2, 35, 1, '500.00', '20:55:34'),
(1625, '2016-06-04', 1, 1, 114, 1, '950.00', '11:28:08'),
(1626, '2016-06-04', 2, 1, 146, 1, '850.00', '11:30:32'),
(1627, '2016-06-04', 2, 2, 137, 1, '550.00', '11:33:35'),
(1628, '2016-06-04', 3, 1, 110, 1, '900.00', '11:47:58'),
(1629, '2016-06-04', 3, 1, 118, 1, '550.00', '11:47:58'),
(1630, '2016-06-04', 3, 1, 146, 1, '850.00', '11:47:58'),
(1631, '2016-06-04', 4, 1, 110, 1, '900.00', '11:51:34'),
(1632, '2016-06-04', 4, 1, 146, 1, '850.00', '11:51:34'),
(1633, '2016-06-04', 5, 1, 112, 1, '850.00', '11:52:09'),
(1634, '2016-06-04', 5, 1, 113, 1, '900.00', '11:52:09'),
(1635, '2016-06-04', 6, 1, 110, 1, '900.00', '12:03:01'),
(1636, '2016-06-04', 6, 1, 146, 1, '850.00', '12:03:01'),
(1637, '2016-06-04', 6, 1, 1, 2, '450.00', '12:03:01'),
(1638, '2016-06-04', 7, 1, 113, 1, '900.00', '12:12:11'),
(1639, '2016-06-04', 8, 1, 113, 1, '900.00', '12:40:55'),
(1640, '2016-06-04', 9, 1, 110, 1, '900.00', '12:53:25'),
(1641, '2016-06-04', 10, 1, 113, 1, '900.00', '12:53:44'),
(1642, '2016-06-04', 11, 1, 110, 3, '900.00', '12:54:02'),
(1643, '2016-06-04', 12, 1, 109, 1, '1100.00', '12:57:30'),
(1644, '2016-06-04', 12, 1, 4, 1, '600.00', '12:57:30'),
(1645, '2016-06-04', 12, 1, 60, 1, '1050.00', '12:57:30'),
(1646, '2016-06-04', 13, 1, 110, 1, '900.00', '12:57:57'),
(1647, '2016-06-04', 13, 1, 112, 1, '850.00', '12:57:57'),
(1648, '2016-06-04', 14, 1, 91, 1, '800.00', '12:58:40'),
(1649, '2016-06-04', 10, 2, 137, 1, '550.00', '13:01:33'),
(1650, '2016-06-04', 15, 1, 110, 1, '900.00', '13:41:52'),
(1651, '2016-06-04', 16, 1, 111, 1, '850.00', '13:44:24'),
(1652, '2016-06-04', 17, 1, 91, 1, '800.00', '14:32:20'),
(1653, '2016-06-04', 18, 1, 91, 1, '800.00', '14:48:32'),
(1654, '2016-06-04', 19, 1, 139, 1, '800.00', '14:50:31'),
(1655, '2016-06-04', 18, 2, 118, 1, '550.00', '14:53:16'),
(1656, '2016-06-04', 20, 1, 103, 1, '900.00', '17:16:47'),
(1657, '2016-06-04', 20, 1, 35, 1, '500.00', '17:16:47'),
(1658, '2016-06-04', 20, 1, 139, 1, '800.00', '17:16:47'),
(1659, '2016-06-04', 20, 1, 141, 1, '800.00', '17:16:47'),
(1660, '2016-06-04', 20, 1, 142, 1, '750.00', '17:16:47'),
(1661, '2016-06-04', 20, 1, 143, 1, '750.00', '17:16:47'),
(1662, '2016-06-04', 20, 1, 144, 1, '700.00', '17:16:47'),
(1663, '2016-06-04', 21, 1, 95, 1, '800.00', '17:22:35'),
(1664, '2016-06-04', 21, 1, 138, 1, '650.00', '17:22:35'),
(1665, '2016-06-04', 21, 1, 139, 1, '800.00', '17:22:35'),
(1666, '2016-06-04', 22, 1, 138, 1, '650.00', '18:03:41'),
(1667, '2016-06-04', 23, 1, 40, 1, '750.00', '18:06:38'),
(1668, '2016-06-04', 23, 1, 49, 1, '550.00', '18:06:38'),
(1669, '2016-06-04', 23, 1, 139, 1, '800.00', '18:06:38'),
(1670, '2016-06-04', 24, 1, 18, 1, '300.00', '18:40:30'),
(1671, '2016-06-04', 24, 1, 36, 1, '650.00', '18:40:30'),
(1672, '2016-06-04', 24, 2, 62, 1, '850.00', '18:41:19'),
(1673, '2016-06-04', 25, 1, 1, 1, '450.00', '19:03:58'),
(1674, '2016-06-04', 25, 2, 19, 1, '400.00', '19:09:02'),
(1675, '2016-06-04', 25, 2, 35, 1, '500.00', '19:09:02'),
(1676, '2016-06-04', 25, 2, 40, 1, '750.00', '19:09:02'),
(1677, '2016-06-04', 25, 2, 43, 1, '750.00', '19:09:02'),
(1678, '2016-06-04', 25, 2, 47, 1, '750.00', '19:09:02'),
(1679, '2016-06-04', 25, 2, 75, 1, '1100.00', '19:09:02'),
(1680, '2016-06-04', 26, 1, 47, 1, '750.00', '19:20:03'),
(1681, '2016-06-04', 26, 1, 50, 1, '750.00', '19:20:03'),
(1682, '2016-06-04', 26, 1, 69, 1, '950.00', '19:20:03'),
(1683, '2016-06-04', 26, 1, 70, 1, '950.00', '19:20:03'),
(1684, '2016-06-04', 25, 3, 1, 1, '450.00', '19:20:54'),
(1685, '2016-06-04', 25, 3, 23, 1, '400.00', '19:20:54'),
(1686, '2016-06-04', 25, 4, 18, 1, '300.00', '19:36:18'),
(1687, '2016-06-04', 27, 1, 43, 1, '750.00', '19:42:02'),
(1688, '2016-06-04', 27, 1, 47, 1, '750.00', '19:42:02'),
(1689, '2016-06-04', 27, 1, 70, 1, '950.00', '19:42:02'),
(1690, '2016-06-04', 27, 1, 138, 1, '650.00', '19:42:02'),
(1691, '2016-06-04', 27, 1, 142, 1, '750.00', '19:42:02'),
(1692, '2016-06-04', 28, 1, 30, 3, '400.00', '19:46:37'),
(1693, '2016-06-04', 28, 1, 35, 1, '500.00', '19:46:37'),
(1694, '2016-06-04', 28, 1, 40, 1, '750.00', '19:46:37'),
(1695, '2016-06-04', 28, 1, 49, 1, '550.00', '19:46:37'),
(1696, '2016-06-04', 28, 1, 62, 1, '850.00', '19:46:37'),
(1697, '2016-06-04', 28, 1, 77, 1, '750.00', '19:46:37'),
(1698, '2016-06-04', 29, 1, 18, 1, '300.00', '20:08:52'),
(1699, '2016-06-04', 29, 1, 54, 1, '950.00', '20:08:52'),
(1700, '2016-06-04', 28, 2, 39, 1, '750.00', '20:10:43'),
(1701, '2016-06-04', 30, 1, 138, 1, '650.00', '20:18:30'),
(1702, '2016-06-04', 31, 1, 1, 1, '450.00', '20:50:11'),
(1703, '2016-06-04', 31, 1, 3, 1, '600.00', '20:50:11'),
(1704, '2016-06-04', 31, 1, 42, 1, '600.00', '20:50:11'),
(1705, '2016-06-04', 31, 1, 48, 1, '800.00', '20:50:11'),
(1706, '2016-06-04', 31, 2, 56, 1, '850.00', '20:52:06'),
(1707, '2016-06-04', 32, 1, 139, 2, '800.00', '20:55:16'),
(1708, '2016-06-04', 33, 1, 60, 1, '1050.00', '21:07:16'),
(1709, '2016-06-04', 33, 1, 61, 1, '950.00', '21:07:16'),
(1710, '2016-06-04', 33, 2, 59, 1, '800.00', '21:08:38'),
(1711, '2016-06-04', 33, 2, 61, -1, '950.00', '21:08:38'),
(1712, '2016-06-04', 34, 1, 138, 1, '650.00', '21:23:58'),
(1713, '2016-06-05', 1, 1, 138, 1, '650.00', '11:40:49'),
(1714, '2016-06-05', 1, 1, 139, 1, '800.00', '11:40:49'),
(1715, '2016-06-05', 2, 1, 91, 1, '800.00', '11:42:06'),
(1716, '2016-06-05', 2, 1, 110, 1, '900.00', '11:42:06'),
(1717, '2016-06-05', 1, 2, 91, -1, '800.00', '11:44:53'),
(1718, '2016-06-05', 1, 2, 110, -1, '900.00', '11:44:53'),
(1719, '2016-06-05', 3, 1, 5, 1, '600.00', '11:50:08'),
(1720, '2016-06-05', 3, 1, 49, 1, '550.00', '11:50:08'),
(1721, '2016-06-05', 4, 1, 91, 1, '800.00', '11:50:34'),
(1722, '2016-06-05', 5, 1, 138, 1, '650.00', '11:57:20'),
(1723, '2016-06-05', 6, 1, 111, 1, '850.00', '12:00:05'),
(1724, '2016-06-05', 6, 1, 112, 1, '850.00', '12:00:05'),
(1725, '2016-06-05', 7, 1, 110, 1, '900.00', '12:02:00'),
(1726, '2016-06-05', 3, 2, 111, 1, '850.00', '12:05:55'),
(1727, '2016-06-05', 6, 2, 147, 1, '100.00', '12:07:13'),
(1728, '2016-06-05', 8, 1, 110, 1, '900.00', '12:08:30'),
(1729, '2016-06-05', 8, 1, 112, 1, '850.00', '12:08:30'),
(1730, '2016-06-05', 3, 3, 5, 1, '600.00', '12:09:11'),
(1731, '2016-06-05', 9, 1, 111, 1, '850.00', '12:15:38'),
(1732, '2016-06-05', 9, 1, 112, 1, '850.00', '12:15:38'),
(1733, '2016-06-05', 9, 1, 113, 1, '900.00', '12:15:38'),
(1734, '2016-06-05', 9, 1, 114, 1, '950.00', '12:15:38'),
(1735, '2016-06-05', 10, 1, 112, 1, '850.00', '12:20:56'),
(1736, '2016-06-05', 10, 1, 148, 1, '200.00', '12:20:56'),
(1737, '2016-06-05', 11, 1, 113, 1, '900.00', '12:45:49'),
(1738, '2016-06-05', 11, 1, 114, 1, '950.00', '12:45:49'),
(1739, '2016-06-05', 12, 1, 113, 1, '900.00', '12:49:32'),
(1740, '2016-06-05', 13, 1, 110, 1, '900.00', '12:56:33'),
(1741, '2016-06-05', 13, 1, 111, 1, '850.00', '12:56:33'),
(1742, '2016-06-05', 14, 1, 109, 2, '1100.00', '13:06:14'),
(1743, '2016-06-05', 15, 1, 110, 1, '900.00', '13:25:23'),
(1744, '2016-06-05', 15, 1, 119, 1, '100.00', '13:25:23'),
(1745, '2016-06-05', 15, 1, 147, 1, '100.00', '13:25:23'),
(1746, '2016-06-05', 16, 1, 98, 1, '800.00', '13:28:48'),
(1747, '2016-06-05', 16, 1, 113, 1, '900.00', '13:28:48'),
(1748, '2016-06-05', 16, 1, 117, 1, '500.00', '13:28:48'),
(1749, '2016-06-05', 16, 1, 137, 2, '550.00', '13:28:48'),
(1750, '2016-06-05', 17, 1, 109, 1, '1100.00', '13:29:46'),
(1751, '2016-06-05', 17, 1, 110, 1, '900.00', '13:29:46'),
(1752, '2016-06-05', 18, 1, 92, 1, '800.00', '13:31:00'),
(1753, '2016-06-05', 18, 1, 109, 1, '1100.00', '13:31:00'),
(1754, '2016-06-05', 18, 1, 117, 1, '500.00', '13:31:00'),
(1755, '2016-06-05', 19, 1, 109, 1, '1100.00', '13:37:02'),
(1756, '2016-06-05', 18, 2, 7, 1, '450.00', '13:37:49'),
(1757, '2016-06-05', 20, 1, 97, 1, '800.00', '13:57:29'),
(1758, '2016-06-05', 20, 1, 112, 1, '850.00', '13:57:29'),
(1759, '2016-06-05', 21, 1, 144, 1, '700.00', '14:07:49'),
(1760, '2016-06-05', 22, 1, 109, 2, '1100.00', '14:14:54'),
(1761, '2016-06-05', 22, 1, 117, 1, '500.00', '14:14:54'),
(1762, '2016-06-05', 18, 3, 7, 1, '450.00', '14:35:23'),
(1763, '2016-06-05', 23, 1, 112, 1, '850.00', '14:42:21'),
(1764, '2016-06-05', 24, 1, 109, 1, '1100.00', '14:58:00'),
(1765, '2016-06-05', 24, 1, 112, 1, '850.00', '14:58:00'),
(1766, '2016-06-05', 24, 1, 118, 1, '550.00', '14:58:00'),
(1767, '2016-06-05', 25, 1, 111, 1, '850.00', '14:59:23'),
(1768, '2016-06-05', 25, 1, 113, 1, '900.00', '14:59:23'),
(1769, '2016-06-05', 24, 2, 1, 2, '450.00', '14:59:53'),
(1770, '2016-06-05', 26, 1, 91, 1, '800.00', '15:00:44'),
(1771, '2016-06-05', 26, 1, 110, 1, '900.00', '15:00:44'),
(1772, '2016-06-05', 26, 1, 114, 1, '950.00', '15:00:44'),
(1773, '2016-06-05', 26, 1, 118, 1, '550.00', '15:00:44'),
(1774, '2016-06-05', 26, 2, 1, 3, '450.00', '15:07:18'),
(1775, '2016-06-05', 26, 3, 114, 1, '950.00', '15:31:47'),
(1776, '2016-06-05', 27, 1, 142, 3, '750.00', '17:31:38'),
(1777, '2016-06-05', 28, 1, 1, 3, '450.00', '17:55:55'),
(1778, '2016-06-05', 28, 1, 35, 1, '500.00', '17:55:55'),
(1779, '2016-06-05', 28, 1, 49, 1, '550.00', '17:55:55'),
(1780, '2016-06-05', 28, 1, 62, 1, '850.00', '17:55:55'),
(1781, '2016-06-05', 29, 1, 69, 1, '950.00', '17:56:20'),
(1782, '2016-06-05', 29, 1, 71, 1, '1000.00', '17:56:20'),
(1783, '2016-06-05', 28, 2, 9, 1, '450.00', '18:09:40'),
(1784, '2016-06-05', 30, 1, 3, 1, '600.00', '18:27:45'),
(1785, '2016-06-05', 30, 1, 4, 1, '600.00', '18:27:45'),
(1786, '2016-06-05', 30, 1, 49, 1, '550.00', '18:27:45'),
(1787, '2016-06-05', 28, 3, 52, 1, '650.00', '18:28:01'),
(1788, '2016-06-05', 28, 4, 9, 1, '450.00', '18:28:20'),
(1789, '2016-06-05', 31, 1, 1, 1, '450.00', '18:34:27'),
(1790, '2016-06-05', 31, 1, 17, 1, '300.00', '18:34:27'),
(1791, '2016-06-05', 31, 1, 35, 1, '500.00', '18:34:27'),
(1792, '2016-06-05', 31, 1, 39, 1, '750.00', '18:34:27'),
(1793, '2016-06-05', 31, 1, 54, 1, '950.00', '18:34:27'),
(1794, '2016-06-05', 31, 1, 69, 1, '950.00', '18:34:27'),
(1795, '2016-06-05', 28, 5, 9, 1, '450.00', '18:36:09'),
(1796, '2016-06-05', 30, 2, 43, 1, '750.00', '18:38:19'),
(1797, '2016-06-05', 30, 2, 62, 1, '850.00', '18:38:19'),
(1798, '2016-06-05', 30, 3, 8, 2, '450.00', '18:45:35'),
(1799, '2016-06-05', 32, 1, 4, 1, '600.00', '18:52:04'),
(1800, '2016-06-05', 32, 1, 39, 1, '750.00', '18:52:04'),
(1801, '2016-06-05', 32, 1, 49, 1, '550.00', '18:52:04'),
(1802, '2016-06-05', 32, 1, 61, 1, '950.00', '18:52:04'),
(1803, '2016-06-05', 33, 1, 1, 2, '450.00', '18:54:04'),
(1804, '2016-06-05', 33, 1, 35, 1, '500.00', '18:54:04'),
(1805, '2016-06-05', 33, 1, 42, 1, '600.00', '18:54:04'),
(1806, '2016-06-05', 33, 1, 52, 1, '650.00', '18:54:04'),
(1807, '2016-06-05', 34, 1, 28, 1, '400.00', '19:04:13');
INSERT INTO `ordering_items` (`id`, `date`, `billing_no`, `ordering_no`, `menu_id`, `quantity`, `price`, `time`) VALUES
(1808, '2016-06-05', 34, 1, 70, 1, '950.00', '19:04:13'),
(1809, '2016-06-05', 34, 1, 75, 1, '1100.00', '19:04:13'),
(1810, '2016-06-05', 32, 2, 69, 1, '950.00', '19:08:33'),
(1811, '2016-06-05', 30, 4, 8, 2, '450.00', '19:17:48'),
(1812, '2016-06-05', 30, 4, 72, 1, '950.00', '19:17:48'),
(1813, '2016-06-05', 35, 1, 1, 1, '450.00', '19:18:07'),
(1814, '2016-06-05', 33, 2, 10, 1, '450.00', '19:21:31'),
(1815, '2016-06-05', 33, 2, 56, 1, '850.00', '19:21:31'),
(1816, '2016-06-05', 33, 2, 59, 1, '800.00', '19:21:31'),
(1817, '2016-06-05', 36, 1, 11, 1, '600.00', '19:23:49'),
(1818, '2016-06-05', 36, 1, 30, 1, '400.00', '19:23:49'),
(1819, '2016-06-05', 36, 1, 39, 1, '750.00', '19:23:49'),
(1820, '2016-06-05', 36, 1, 56, 1, '850.00', '19:23:49'),
(1821, '2016-06-05', 36, 1, 77, 1, '750.00', '19:23:49'),
(1822, '2016-06-05', 37, 1, 1, 1, '450.00', '19:32:22'),
(1823, '2016-06-05', 37, 1, 3, 1, '600.00', '19:32:22'),
(1824, '2016-06-05', 37, 2, 47, 1, '750.00', '19:33:34'),
(1825, '2016-06-05', 33, 3, 8, 1, '450.00', '19:37:48'),
(1826, '2016-06-05', 38, 1, 1, 1, '450.00', '19:38:47'),
(1827, '2016-06-05', 37, 3, 58, 1, '900.00', '19:46:58'),
(1828, '2016-06-05', 37, 3, 69, 1, '950.00', '19:46:58'),
(1829, '2016-06-05', 38, 2, 49, 1, '550.00', '19:49:59'),
(1830, '2016-06-05', 38, 2, 57, 1, '950.00', '19:49:59'),
(1831, '2016-06-05', 38, 2, 69, 1, '950.00', '19:49:59'),
(1832, '2016-06-05', 38, 2, 77, 1, '750.00', '19:49:59'),
(1833, '2016-06-05', 39, 1, 69, 1, '950.00', '19:50:20'),
(1834, '2016-06-05', 40, 1, 20, 1, '400.00', '20:01:40'),
(1835, '2016-06-05', 40, 1, 23, 1, '400.00', '20:01:40'),
(1836, '2016-06-05', 40, 1, 49, 1, '550.00', '20:01:40'),
(1837, '2016-06-05', 40, 1, 54, 1, '950.00', '20:01:40'),
(1838, '2016-06-05', 40, 1, 62, 1, '850.00', '20:01:40'),
(1839, '2016-06-05', 41, 1, 3, 1, '600.00', '20:09:13'),
(1840, '2016-06-05', 41, 1, 15, 1, '550.00', '20:09:13'),
(1841, '2016-06-05', 41, 2, 35, 1, '500.00', '20:09:49'),
(1842, '2016-06-05', 41, 2, 43, 1, '750.00', '20:09:49'),
(1843, '2016-06-05', 38, 3, 1, 1, '450.00', '20:11:42'),
(1844, '2016-06-05', 42, 1, 4, 1, '600.00', '20:12:30'),
(1845, '2016-06-05', 42, 1, 28, 1, '400.00', '20:12:30'),
(1846, '2016-06-05', 42, 1, 35, 1, '500.00', '20:12:30'),
(1847, '2016-06-05', 42, 1, 49, 1, '550.00', '20:12:30'),
(1848, '2016-06-05', 39, 2, 49, 1, '550.00', '20:15:24'),
(1849, '2016-06-05', 37, 4, 82, 1, '450.00', '20:19:51'),
(1850, '2016-06-05', 37, 4, 83, 1, '450.00', '20:19:51'),
(1851, '2016-06-05', 41, 3, 4, 1, '600.00', '20:35:29'),
(1852, '2016-06-05', 42, 2, 40, 1, '750.00', '20:39:30'),
(1853, '2016-06-05', 42, 2, 54, 1, '950.00', '20:39:30'),
(1854, '2016-06-05', 42, 2, 60, 1, '1050.00', '20:39:30'),
(1855, '2016-06-05', 35, 2, 1, 1, '450.00', '20:49:53'),
(1856, '2016-06-05', 35, 2, 54, 1, '950.00', '20:49:53'),
(1857, '2016-06-05', 35, 2, 72, 1, '950.00', '20:49:53'),
(1858, '2016-06-05', 43, 1, 1, 1, '450.00', '21:08:38'),
(1859, '2016-06-05', 43, 1, 35, 1, '500.00', '21:08:38'),
(1860, '2016-06-05', 43, 1, 54, 1, '950.00', '21:08:38'),
(1861, '2016-06-05', 43, 1, 62, 1, '850.00', '21:08:38'),
(1862, '2016-06-05', 44, 1, 10, 1, '450.00', '22:13:01'),
(1863, '2016-06-05', 44, 1, 19, 1, '400.00', '22:13:01'),
(1864, '2016-06-05', 44, 1, 39, 1, '750.00', '22:13:01'),
(1865, '2016-06-05', 44, 1, 40, 1, '750.00', '22:13:01'),
(1866, '2016-06-05', 44, 1, 43, 1, '750.00', '22:13:01'),
(1867, '2016-06-05', 44, 1, 62, 1, '850.00', '22:13:01'),
(1868, '2016-06-05', 44, 1, 75, 1, '1100.00', '22:13:01'),
(1869, '2016-06-05', 44, 1, 88, 1, '200.00', '22:13:01'),
(1870, '2016-06-05', 44, 2, 80, 1, '300.00', '22:15:48'),
(1871, '2016-06-05', 44, 3, 10, 1, '450.00', '22:31:32'),
(1872, '2016-06-06', 1, 1, 5, 1, '600.00', '11:57:02'),
(1873, '2016-06-06', 1, 1, 42, 1, '600.00', '11:57:02'),
(1874, '2016-06-06', 2, 1, 110, 2, '900.00', '12:10:38'),
(1875, '2016-06-06', 2, 1, 113, 1, '900.00', '12:10:38'),
(1876, '2016-06-06', 1, 2, 92, 1, '800.00', '12:16:17'),
(1877, '2016-06-06', 1, 2, 146, 1, '850.00', '12:16:17'),
(1878, '2016-06-06', 1, 2, 5, 1, '600.00', '12:16:17'),
(1879, '2016-06-06', 1, 3, 112, 1, '850.00', '12:18:36'),
(1880, '2016-06-06', 1, 3, 5, 1, '600.00', '12:18:36'),
(1881, '2016-06-06', 3, 1, 110, 1, '900.00', '12:19:14'),
(1882, '2016-06-06', 3, 1, 137, 1, '550.00', '12:19:14'),
(1883, '2016-06-06', 4, 1, 93, 1, '800.00', '12:20:01'),
(1884, '2016-06-06', 4, 1, 146, 1, '850.00', '12:20:01'),
(1885, '2016-06-06', 4, 1, 137, 4, '550.00', '12:20:01'),
(1886, '2016-06-06', 5, 1, 113, 1, '900.00', '12:21:05'),
(1887, '2016-06-06', 1, 4, 92, -1, '800.00', '12:24:13'),
(1888, '2016-06-06', 1, 4, 146, -1, '850.00', '12:24:13'),
(1889, '2016-06-06', 1, 4, 5, -1, '600.00', '12:24:13'),
(1890, '2016-06-06', 6, 1, 92, 1, '800.00', '13:10:33'),
(1891, '2016-06-06', 6, 1, 110, 1, '900.00', '13:10:33'),
(1892, '2016-06-06', 6, 2, 92, -1, '800.00', '13:10:47'),
(1893, '2016-06-06', 7, 1, 92, 1, '800.00', '13:10:55'),
(1894, '2016-06-06', 8, 1, 110, 1, '900.00', '13:11:12'),
(1895, '2016-06-06', 9, 1, 114, 1, '950.00', '13:11:35'),
(1896, '2016-06-06', 10, 1, 112, 1, '850.00', '13:21:28'),
(1897, '2016-06-06', 11, 1, 138, 1, '650.00', '13:32:45'),
(1898, '2016-06-06', 12, 1, 110, 1, '900.00', '13:41:29'),
(1899, '2016-06-06', 13, 1, 116, 2, '250.00', '14:59:16'),
(1900, '2016-06-06', 13, 1, 117, 1, '500.00', '14:59:16'),
(1901, '2016-06-06', 13, 1, 146, 3, '850.00', '14:59:16'),
(1902, '2016-06-06', 13, 2, 148, 2, '200.00', '15:02:42'),
(1903, '2016-06-06', 13, 3, 116, -2, '250.00', '15:05:42'),
(1904, '2016-06-06', 13, 3, 117, -1, '500.00', '15:05:42'),
(1905, '2016-06-06', 14, 1, 112, 1, '850.00', '15:10:16'),
(1906, '2016-06-06', 15, 1, 139, 1, '800.00', '17:46:32'),
(1907, '2016-06-06', 16, 1, 35, 1, '500.00', '18:35:06'),
(1908, '2016-06-06', 16, 1, 40, 1, '750.00', '18:35:06'),
(1909, '2016-06-06', 16, 1, 47, 1, '750.00', '18:35:06'),
(1910, '2016-06-06', 17, 1, 1, 1, '450.00', '18:41:10'),
(1911, '2016-06-06', 17, 1, 8, 1, '450.00', '18:41:10'),
(1912, '2016-06-06', 17, 1, 20, 1, '400.00', '18:41:10'),
(1913, '2016-06-06', 17, 1, 22, 1, '400.00', '18:41:10'),
(1914, '2016-06-06', 17, 1, 49, 1, '550.00', '18:41:10'),
(1915, '2016-06-06', 17, 1, 53, 1, '650.00', '18:41:10'),
(1916, '2016-06-06', 16, 2, 3, 1, '600.00', '18:41:44'),
(1917, '2016-06-06', 18, 1, 54, 1, '950.00', '18:51:54'),
(1918, '2016-06-06', 17, 2, 48, 1, '800.00', '18:54:24'),
(1919, '2016-06-06', 16, 3, 4, 1, '600.00', '18:56:55'),
(1920, '2016-06-06', 16, 3, 5, 1, '600.00', '18:56:55'),
(1921, '2016-06-06', 17, 3, 40, 1, '750.00', '18:58:52'),
(1922, '2016-06-06', 16, 4, 52, 1, '650.00', '19:01:35'),
(1923, '2016-06-06', 18, 2, 69, 1, '950.00', '19:06:24'),
(1924, '2016-06-06', 16, 5, 40, 1, '750.00', '19:07:04'),
(1925, '2016-06-06', 16, 6, 3, 1, '600.00', '19:07:33'),
(1926, '2016-06-06', 19, 1, 138, 2, '650.00', '19:09:34'),
(1927, '2016-06-06', 17, 4, 8, 1, '450.00', '19:11:56'),
(1928, '2016-06-06', 20, 1, 35, 1, '500.00', '19:32:19'),
(1929, '2016-06-06', 20, 1, 58, 1, '900.00', '19:32:19'),
(1930, '2016-06-06', 20, 2, 34, 1, '400.00', '19:40:34'),
(1931, '2016-06-06', 16, 7, 37, 1, '700.00', '19:45:33'),
(1932, '2016-06-06', 16, 7, 48, 1, '800.00', '19:45:33'),
(1933, '2016-06-06', 17, 5, 13, 1, '450.00', '19:48:17'),
(1934, '2016-06-06', 21, 1, 35, 1, '500.00', '20:19:30'),
(1935, '2016-06-06', 21, 1, 49, 1, '550.00', '20:19:30'),
(1936, '2016-06-06', 21, 1, 54, 1, '950.00', '20:19:30'),
(1937, '2016-06-06', 21, 1, 57, 1, '950.00', '20:19:30'),
(1938, '2016-06-06', 21, 1, 62, 1, '850.00', '20:19:30'),
(1939, '2016-06-06', 21, 1, 88, 1, '200.00', '20:19:30'),
(1940, '2016-06-06', 21, 2, 2, 2, '600.00', '20:21:24'),
(1941, '2016-06-06', 21, 2, 33, 1, '400.00', '20:21:24'),
(1942, '2016-06-06', 22, 1, 56, 1, '850.00', '20:23:52'),
(1943, '2016-06-06', 21, 3, 69, 1, '950.00', '20:33:52'),
(1944, '2016-06-06', 21, 4, 8, 2, '450.00', '20:34:49'),
(1945, '2016-06-06', 23, 1, 10, 1, '450.00', '20:44:58'),
(1946, '2016-06-06', 23, 1, 20, 1, '400.00', '20:44:58'),
(1947, '2016-06-06', 23, 1, 39, 1, '750.00', '20:44:58'),
(1948, '2016-06-06', 23, 1, 53, 1, '650.00', '20:44:58'),
(1949, '2016-06-06', 23, 1, 148, 1, '200.00', '20:44:58'),
(1950, '2016-06-06', 23, 2, 35, 1, '500.00', '20:45:34'),
(1951, '2016-06-06', 21, 5, 40, 1, '750.00', '20:49:21'),
(1952, '2016-06-06', 21, 5, 71, 1, '1000.00', '20:49:21'),
(1953, '2016-06-06', 24, 1, 3, 1, '600.00', '20:58:02'),
(1954, '2016-06-06', 24, 1, 5, 1, '600.00', '20:58:02'),
(1955, '2016-06-06', 24, 1, 50, 1, '750.00', '20:58:02'),
(1956, '2016-06-06', 24, 1, 58, 1, '900.00', '20:58:02'),
(1957, '2016-06-06', 24, 1, 71, 1, '1000.00', '20:58:02'),
(1958, '2016-06-06', 21, 6, 8, 2, '450.00', '21:03:56'),
(1959, '2016-06-06', 21, 7, 34, 1, '400.00', '21:17:55'),
(1960, '2016-06-06', 25, 1, 7, 1, '450.00', '21:22:33'),
(1961, '2016-06-06', 25, 1, 59, 1, '800.00', '21:22:33'),
(1962, '2016-06-06', 21, 8, 1, 2, '450.00', '21:25:24'),
(1963, '2016-06-06', 21, 8, 2, -2, '600.00', '21:25:24'),
(1964, '2016-06-06', 24, 2, 57, 1, '950.00', '21:32:41'),
(1965, '2016-06-06', 21, 9, 81, 1, '350.00', '22:32:51'),
(1966, '2016-06-06', 21, 9, 82, 1, '450.00', '22:32:51'),
(1967, '2016-06-06', 21, 9, 85, 1, '500.00', '22:32:51'),
(1968, '2016-06-07', 1, 1, 110, 2, '900.00', '11:43:38'),
(1969, '2016-06-07', 2, 1, 110, 1, '900.00', '11:43:58'),
(1970, '2016-06-07', 3, 1, 69, 2, '950.00', '12:07:01'),
(1971, '2016-06-07', 4, 1, 146, 2, '850.00', '12:12:08'),
(1972, '2016-06-07', 5, 1, 97, 1, '800.00', '12:17:34'),
(1973, '2016-06-07', 5, 1, 112, 1, '850.00', '12:17:34'),
(1974, '2016-06-07', 5, 1, 69, 1, '950.00', '12:17:34'),
(1975, '2016-06-07', 5, 2, 69, -1, '950.00', '12:17:54'),
(1976, '2016-06-07', 6, 1, 110, 1, '900.00', '12:18:27'),
(1977, '2016-06-07', 6, 1, 146, 1, '850.00', '12:18:27'),
(1978, '2016-06-07', 7, 1, 110, 1, '900.00', '12:39:13'),
(1979, '2016-06-07', 8, 1, 112, 1, '850.00', '12:39:30'),
(1980, '2016-06-07', 9, 1, 118, 1, '550.00', '12:45:39'),
(1981, '2016-06-07', 9, 1, 1, 1, '450.00', '12:45:39'),
(1982, '2016-06-07', 10, 1, 109, 1, '1100.00', '12:53:39'),
(1983, '2016-06-07', 10, 1, 114, 1, '950.00', '12:53:39'),
(1984, '2016-06-07', 10, 1, 117, 1, '500.00', '12:53:39'),
(1985, '2016-06-07', 10, 1, 119, 1, '100.00', '12:53:39'),
(1986, '2016-06-07', 10, 1, 137, 1, '550.00', '12:53:39'),
(1987, '2016-06-07', 11, 1, 91, 1, '800.00', '12:55:58'),
(1988, '2016-06-07', 11, 1, 49, 1, '550.00', '12:55:58'),
(1989, '2016-06-07', 12, 1, 92, 1, '800.00', '13:00:00'),
(1990, '2016-06-07', 9, 2, 146, 1, '850.00', '13:00:53'),
(1991, '2016-06-07', 9, 2, 1, 1, '450.00', '13:00:53'),
(1992, '2016-06-07', 13, 1, 92, 1, '800.00', '13:06:20'),
(1993, '2016-06-07', 14, 1, 144, 1, '700.00', '13:19:58'),
(1994, '2016-06-07', 15, 1, 110, 1, '900.00', '13:28:07'),
(1995, '2016-06-07', 16, 1, 112, 1, '850.00', '13:29:25'),
(1996, '2016-06-07', 16, 1, 113, 1, '900.00', '13:29:25'),
(1997, '2016-06-07', 17, 1, 110, 1, '900.00', '13:52:07'),
(1998, '2016-06-07', 18, 1, 111, 1, '850.00', '13:52:17'),
(1999, '2016-06-07', 19, 1, 110, 1, '900.00', '13:54:40'),
(2000, '2016-06-07', 19, 1, 113, 1, '900.00', '13:54:40'),
(2001, '2016-06-07', 20, 1, 111, 1, '850.00', '13:55:18'),
(2002, '2016-06-07', 21, 1, 112, 1, '850.00', '14:07:44'),
(2003, '2016-06-07', 22, 1, 116, 1, '250.00', '14:19:28'),
(2004, '2016-06-07', 22, 1, 119, 1, '100.00', '14:19:28'),
(2005, '2016-06-07', 22, 1, 146, 1, '850.00', '14:19:28'),
(2006, '2016-06-07', 23, 1, 110, 1, '900.00', '14:55:13'),
(2007, '2016-06-07', 24, 1, 119, 1, '100.00', '09:03:49'),
(2008, '2016-06-07', 25, 1, 119, 1, '100.00', '09:05:27'),
(2009, '2016-06-07', 26, 1, 119, 1, '100.00', '09:10:25'),
(2010, '2016-06-07', 27, 1, 91, 1, '800.00', '09:17:42'),
(2011, '2016-06-07', 27, 1, 92, 1, '800.00', '09:17:42'),
(2012, '2016-06-07', 27, 1, 93, 1, '800.00', '09:17:42'),
(2013, '2016-06-07', 28, 1, 91, 1, '800.00', '09:19:20'),
(2014, '2016-06-07', 28, 1, 92, 1, '800.00', '09:19:20'),
(2015, '2016-06-07', 28, 1, 93, 1, '800.00', '09:19:20'),
(2016, '2016-06-07', 29, 1, 35, 1, '500.00', '09:26:00'),
(2017, '2016-06-07', 29, 1, 38, 1, '750.00', '09:26:00'),
(2018, '2016-06-07', 30, 1, 75, 1, '1100.00', '09:29:32'),
(2019, '2016-06-07', 31, 1, 75, 2, '1100.00', '09:32:09'),
(2020, '2016-06-07', 32, 1, 71, 1, '1000.00', '09:36:16'),
(2021, '2016-06-07', 33, 1, 54, 2, '950.00', '09:53:00'),
(2022, '2016-06-07', 34, 1, 54, 2, '950.00', '09:58:08'),
(2023, '2016-06-07', 35, 1, 69, 2, '950.00', '10:01:06'),
(2024, '2016-06-07', 36, 1, 91, 1, '800.00', '10:59:56'),
(2025, '2016-06-07', 36, 1, 92, 1, '800.00', '10:59:56'),
(2026, '2016-06-07', 36, 1, 93, 1, '800.00', '10:59:56'),
(2027, '2016-06-07', 36, 2, 91, 1, '800.00', '11:00:42');

-- --------------------------------------------------------

--
-- Table structure for table `orderings`
--

CREATE TABLE `orderings` (
  `id` int(10) UNSIGNED NOT NULL,
  `date` date NOT NULL,
  `billing_no` tinyint(4) NOT NULL,
  `ordering_no` tinyint(4) NOT NULL,
  `total_customer` tinyint(4) NOT NULL,
  `ordering_time` time NOT NULL
) ENGINE=InnoDB DEFAULT CHARSET=utf8mb4;

--
-- Dumping data for table `orderings`
--

INSERT INTO `orderings` (`id`, `date`, `billing_no`, `ordering_no`, `total_customer`, `ordering_time`) VALUES
(1, '2016-05-14', 1, 1, 1, '00:00:00'),
(2, '2016-05-14', 2, 1, 1, '00:00:00'),
(3, '2016-05-14', 3, 1, 2, '00:00:00'),
(4, '2016-05-14', 4, 1, 1, '00:00:00'),
(5, '2016-05-14', 5, 1, 1, '00:00:00'),
(6, '2016-05-14', 6, 1, 2, '00:00:00'),
(7, '2016-05-14', 6, 2, 2, '00:00:00'),
(8, '2016-05-14', 7, 1, 2, '00:00:00'),
(9, '2016-05-14', 7, 2, 2, '00:00:00'),
(10, '2016-05-14', 8, 1, 1, '00:00:00'),
(11, '2016-05-14', 9, 1, 1, '00:00:00'),
(12, '2016-05-14', 10, 1, 2, '00:00:00'),
(13, '2016-05-14', 7, 3, 2, '00:00:00'),
(14, '2016-05-14', 10, 2, 2, '00:00:00'),
(15, '2016-05-14', 10, 3, 2, '00:00:00'),
(16, '2016-05-14', 11, 1, 2, '00:00:00'),
(17, '2016-05-14', 10, 4, 2, '00:00:00'),
(18, '2016-05-14', 10, 5, 2, '00:00:00'),
(19, '2016-05-14', 12, 1, 2, '00:00:00'),
(20, '2016-05-14', 13, 1, 2, '00:00:00'),
(21, '2016-05-14', 12, 2, 2, '00:00:00'),
(22, '2016-05-15', 1, 1, 3, '00:00:00'),
(23, '2016-05-15', 2, 1, 1, '00:00:00'),
(24, '2016-05-15', 3, 1, 1, '00:00:00'),
(25, '2016-05-15', 4, 1, 1, '00:00:00'),
(26, '2016-05-15', 5, 1, 2, '00:00:00'),
(27, '2016-05-15', 6, 1, 2, '00:00:00'),
(28, '2016-05-15', 7, 1, 1, '00:00:00'),
(29, '2016-05-15', 6, 2, 2, '00:00:00'),
(30, '2016-05-15', 8, 1, 1, '00:00:00'),
(31, '2016-05-15', 6, 3, 2, '00:00:00'),
(32, '2016-05-15', 9, 1, 2, '00:00:00'),
(33, '2016-05-15', 5, 2, 2, '00:00:00'),
(34, '2016-05-15', 10, 1, 1, '00:00:00'),
(35, '2016-05-15', 11, 1, 1, '00:00:00'),
(36, '2016-05-15', 12, 1, 2, '00:00:00'),
(37, '2016-05-15', 13, 1, 2, '00:00:00'),
(38, '2016-05-15', 14, 1, 2, '00:00:00'),
(39, '2016-05-15', 15, 1, 2, '00:00:00'),
(40, '2016-05-15', 16, 1, 1, '00:00:00'),
(41, '2016-05-15', 17, 1, 1, '00:00:00'),
(42, '2016-05-15', 17, 2, 1, '00:00:00'),
(43, '2016-05-16', 1, 1, 100, '00:00:00'),
(45, '2016-05-16', 2, 1, 100, '00:00:00'),
(46, '2016-05-16', 3, 1, 1, '00:00:00'),
(49, '2016-05-16', 4, 1, 2, '00:00:00'),
(51, '2016-05-16', 4, 2, 2, '00:00:00'),
(52, '2016-05-16', 5, 1, 2, '00:00:00'),
(53, '2016-05-16', 4, 3, 2, '00:00:00'),
(54, '2016-05-16', 5, 2, 2, '00:00:00'),
(55, '2016-05-16', 6, 1, 2, '00:00:00'),
(56, '2016-05-16', 7, 1, 1, '00:00:00'),
(57, '2016-05-16', 8, 1, 1, '00:00:00'),
(58, '2016-05-16', 9, 1, 1, '00:00:00'),
(60, '2016-05-16', 10, 1, 3, '00:00:00'),
(61, '2016-05-16', 11, 1, 2, '00:00:00'),
(62, '2016-05-16', 12, 1, 1, '00:00:00'),
(63, '2016-05-16', 13, 1, 1, '00:00:00'),
(64, '2016-05-16', 14, 1, 1, '00:00:00'),
(65, '2016-05-16', 15, 1, 2, '00:00:00'),
(66, '2016-05-16', 16, 1, 1, '00:00:00'),
(67, '2016-05-16', 17, 1, 1, '00:00:00'),
(68, '2016-05-16', 15, 2, 2, '00:00:00'),
(69, '2016-05-16', 18, 1, 1, '00:00:00'),
(70, '2016-05-16', 15, 3, 2, '00:00:00'),
(71, '2016-05-16', 15, 4, 2, '00:00:00'),
(72, '2016-05-16', 19, 1, 1, '00:00:00'),
(73, '2016-05-16', 19, 2, 1, '00:00:00'),
(74, '2016-05-16', 20, 1, 1, '00:00:00'),
(75, '2016-05-16', 3, 2, 1, '00:00:00'),
(76, '2016-05-16', 21, 1, 1, '00:00:00'),
(77, '2016-05-16', 22, 1, 1, '00:00:00'),
(78, '2016-05-16', 23, 1, 2, '00:00:00'),
(79, '2016-05-16', 24, 1, 2, '00:00:00'),
(80, '2016-05-16', 25, 1, 2, '00:00:00'),
(81, '2016-05-16', 25, 2, 2, '00:00:00'),
(82, '2016-05-16', 26, 1, 1, '00:00:00'),
(83, '2016-05-16', 27, 1, 2, '00:00:00'),
(84, '2016-05-16', 25, 3, 2, '00:00:00'),
(85, '2016-05-16', 26, 2, 1, '00:00:00'),
(86, '2016-05-16', 25, 4, 2, '00:00:00'),
(87, '2016-05-16', 25, 5, 2, '00:00:00'),
(88, '2016-05-16', 27, 2, 2, '00:00:00'),
(89, '2016-05-16', 28, 1, 2, '00:00:00'),
(90, '2016-05-16', 28, 2, 2, '00:00:00'),
(91, '2016-05-16', 28, 3, 2, '00:00:00'),
(92, '2016-05-16', 27, 3, 2, '00:00:00'),
(93, '2016-05-16', 27, 4, 2, '00:00:00'),
(94, '2016-05-16', 27, 5, 2, '00:00:00'),
(95, '2016-05-16', 28, 4, 2, '00:00:00'),
(96, '2016-05-16', 29, 1, 1, '00:00:00'),
(97, '2016-05-16', 30, 1, 3, '00:00:00'),
(98, '2016-05-16', 30, 2, 3, '00:00:00'),
(99, '2016-05-17', 1, 1, 2, '00:00:00'),
(100, '2016-05-17', 2, 1, 1, '00:00:00'),
(101, '2016-05-17', 3, 1, 2, '00:00:00'),
(102, '2016-05-17', 4, 1, 1, '00:00:00'),
(103, '2016-05-17', 5, 1, 2, '00:00:00'),
(104, '2016-05-17', 6, 1, 1, '00:00:00'),
(105, '2016-05-17', 7, 1, 1, '00:00:00'),
(106, '2016-05-17', 8, 1, 1, '00:00:00'),
(107, '2016-05-17', 9, 1, 1, '00:00:00'),
(108, '2016-05-17', 10, 1, 1, '00:00:00'),
(109, '2016-05-17', 11, 1, 1, '00:00:00'),
(110, '2016-05-17', 12, 1, 1, '00:00:00'),
(111, '2016-05-17', 11, 2, 1, '00:00:00'),
(112, '2016-05-17', 13, 1, 2, '00:00:00'),
(113, '2016-05-17', 13, 2, 2, '00:00:00'),
(114, '2016-05-17', 13, 3, 2, '00:00:00'),
(115, '2016-05-17', 14, 1, 2, '00:00:00'),
(116, '2016-05-17', 15, 1, 1, '00:00:00'),
(117, '2016-05-17', 14, 2, 2, '00:00:00'),
(118, '2016-05-17', 14, 3, 2, '00:00:00'),
(119, '2016-05-17', 16, 1, 1, '00:00:00'),
(120, '2016-05-17', 17, 1, 2, '00:00:00'),
(121, '2016-05-17', 18, 1, 1, '00:00:00'),
(122, '2016-05-17', 17, 2, 2, '00:00:00'),
(123, '2016-05-17', 17, 3, 2, '00:00:00'),
(124, '2016-05-17', 17, 4, 2, '00:00:00'),
(125, '2016-05-17', 19, 1, 2, '00:00:00'),
(126, '2016-05-17', 20, 1, 1, '00:00:00'),
(127, '2016-05-17', 17, 5, 2, '00:00:00'),
(128, '2016-05-17', 21, 1, 2, '00:00:00'),
(129, '2016-05-17', 22, 1, 1, '00:00:00'),
(130, '2016-05-17', 21, 2, 2, '00:00:00'),
(131, '2016-05-17', 21, 3, 2, '00:00:00'),
(132, '2016-05-17', 21, 4, 2, '00:00:00'),
(133, '2016-05-17', 23, 1, 1, '00:00:00'),
(134, '2016-05-17', 24, 1, 1, '00:00:00'),
(135, '2016-05-17', 21, 5, 2, '00:00:00'),
(136, '2016-05-17', 25, 1, 2, '00:00:00'),
(137, '2016-05-17', 21, 6, 2, '00:00:00'),
(138, '2016-05-17', 25, 2, 2, '00:00:00'),
(139, '2016-05-17', 23, 2, 1, '00:00:00'),
(140, '2016-05-18', 1, 1, 1, '00:00:00'),
(141, '2016-05-18', 2, 1, 1, '00:00:00'),
(142, '2016-05-18', 3, 1, 1, '00:00:00'),
(143, '2016-05-18', 4, 1, 5, '00:00:00'),
(144, '2016-05-18', 5, 1, 1, '00:00:00'),
(145, '2016-05-18', 6, 1, 1, '00:00:00'),
(146, '2016-05-18', 7, 1, 2, '00:00:00'),
(147, '2016-05-18', 6, 2, 1, '00:00:00'),
(148, '2016-05-18', 6, 3, 1, '00:00:00'),
(149, '2016-05-18', 8, 1, 1, '00:00:00'),
(150, '2016-05-18', 6, 4, 1, '00:00:00'),
(151, '2016-05-18', 6, 5, 1, '00:00:00'),
(152, '2016-05-18', 9, 1, 1, '00:00:00'),
(153, '2016-05-18', 10, 1, 1, '00:00:00'),
(154, '2016-05-18', 11, 1, 1, '00:00:00'),
(155, '2016-05-18', 12, 1, 1, '00:00:00'),
(156, '2016-05-18', 6, 6, 1, '00:00:00'),
(157, '2016-05-18', 13, 1, 1, '00:00:00'),
(158, '2016-05-18', 14, 1, 3, '00:00:00'),
(159, '2016-05-18', 14, 2, 3, '00:00:00'),
(160, '2016-05-18', 15, 1, 2, '00:00:00'),
(161, '2016-05-18', 16, 1, 1, '00:00:00'),
(162, '2016-05-18', 14, 3, 3, '00:00:00'),
(163, '2016-05-18', 15, 2, 2, '00:00:00'),
(164, '2016-05-18', 14, 4, 3, '00:00:00'),
(165, '2016-05-18', 15, 3, 2, '00:00:00'),
(166, '2016-05-18', 17, 1, 2, '00:00:00'),
(167, '2016-05-18', 14, 5, 3, '00:00:00'),
(168, '2016-05-18', 15, 4, 2, '00:00:00'),
(169, '2016-05-18', 15, 5, 2, '00:00:00'),
(170, '2016-05-18', 18, 1, 1, '00:00:00'),
(171, '2016-05-18', 18, 2, 1, '00:00:00'),
(172, '2016-05-18', 19, 1, 1, '00:00:00'),
(173, '2016-05-18', 20, 1, 2, '00:00:00'),
(174, '2016-05-18', 21, 1, 1, '00:00:00'),
(175, '2016-05-18', 20, 2, 2, '00:00:00'),
(176, '2016-05-18', 20, 3, 2, '00:00:00'),
(180, '2016-05-19', 1, 1, 2, '00:00:00'),
(181, '2016-05-19', 2, 1, 2, '00:00:00'),
(182, '2016-05-19', 3, 1, 2, '00:00:00'),
(183, '2016-05-19', 2, 2, 2, '00:00:00'),
(184, '2016-05-19', 4, 1, 1, '00:00:00'),
(185, '2016-05-19', 3, 2, 2, '00:00:00'),
(186, '2016-05-19', 2, 3, 2, '00:00:00'),
(187, '2016-05-19', 2, 4, 2, '00:00:00'),
(188, '2016-05-19', 2, 5, 2, '00:00:00'),
(189, '2016-05-19', 2, 6, 2, '00:00:00'),
(190, '2016-05-19', 2, 7, 2, '00:00:00'),
(191, '2016-05-19', 5, 1, 5, '00:00:00'),
(192, '2016-05-19', 2, 8, 2, '00:00:00'),
(193, '2016-05-19', 5, 2, 5, '00:00:00'),
(194, '2016-05-19', 6, 1, 2, '00:00:00'),
(195, '2016-05-19', 7, 1, 1, '00:00:00'),
(196, '2016-05-19', 8, 1, 1, '00:00:00'),
(197, '2016-05-19', 9, 1, 5, '00:00:00'),
(198, '2016-05-19', 10, 1, 1, '00:00:00'),
(199, '2016-05-19', 11, 1, 1, '00:00:00'),
(200, '2016-05-19', 10, 2, 1, '00:00:00'),
(201, '2016-05-19', 12, 1, 1, '14:06:45'),
(202, '2016-05-19', 13, 1, 1, '14:14:02'),
(203, '2016-05-19', 14, 1, 1, '14:21:06'),
(204, '2016-05-19', 15, 1, 2, '14:25:49'),
(205, '2016-05-19', 15, 2, 2, '14:27:07'),
(206, '2016-05-19', 16, 1, 1, '14:28:02'),
(207, '2016-05-19', 15, 3, 2, '14:38:05'),
(208, '2016-05-19', 15, 4, 2, '14:47:20'),
(209, '2016-05-19', 15, 5, 2, '14:49:08'),
(210, '2016-05-19', 15, 6, 2, '15:01:29'),
(211, '2016-05-19', 17, 1, 1, '16:07:30'),
(212, '2016-05-20', 1, 1, 1, '10:42:04'),
(213, '2016-05-20', 2, 1, 1, '10:56:57'),
(214, '2016-05-20', 3, 1, 1, '10:57:40'),
(215, '2016-05-20', 4, 1, 1, '10:58:21'),
(216, '2016-05-20', 5, 1, 1, '10:59:16'),
(217, '2016-05-20', 6, 1, 1, '11:01:37'),
(218, '2016-05-20', 7, 1, 2, '12:05:06'),
(219, '2016-05-20', 7, 2, 2, '12:05:50'),
(220, '2016-05-20', 8, 1, 1, '12:15:52'),
(221, '2016-05-20', 9, 1, 1, '12:15:53'),
(222, '2016-05-20', 10, 1, 1, '12:17:07'),
(223, '2016-05-20', 11, 1, 2, '12:18:43'),
(224, '2016-05-20', 7, 3, 2, '12:26:05'),
(225, '2016-05-20', 7, 4, 2, '12:26:33'),
(226, '2016-05-20', 7, 5, 2, '12:28:36'),
(227, '2016-05-20', 7, 6, 2, '12:42:56'),
(228, '2016-05-20', 7, 7, 2, '12:54:52'),
(229, '2016-05-20', 12, 1, 1, '12:58:51'),
(230, '2016-05-20', 13, 1, 1, '12:59:13'),
(231, '2016-05-20', 7, 8, 2, '13:13:21'),
(232, '2016-05-20', 14, 1, 1, '13:15:04'),
(233, '2016-05-20', 15, 1, 3, '13:18:01'),
(234, '2016-05-20', 16, 1, 1, '13:18:34'),
(235, '2016-05-20', 17, 1, 1, '13:24:45'),
(236, '2016-05-20', 7, 9, 2, '13:32:07'),
(237, '2016-05-20', 18, 1, 1, '13:32:38'),
(238, '2016-05-20', 19, 1, 1, '13:36:08'),
(239, '2016-05-20', 19, 2, 1, '13:38:53'),
(240, '2016-05-20', 20, 1, 1, '14:03:26'),
(241, '2016-05-20', 21, 1, 1, '14:03:45'),
(242, '2016-05-20', 20, 2, 1, '14:06:14'),
(243, '2016-05-20', 22, 1, 1, '14:18:31'),
(244, '2016-05-20', 23, 1, 1, '14:33:43'),
(245, '2016-05-21', 1, 1, 2, '04:29:53'),
(246, '2016-05-21', 2, 1, 2, '04:37:10'),
(247, '2016-05-21', 3, 1, 1, '04:43:47'),
(248, '2016-05-21', 2, 2, 2, '04:54:22'),
(249, '2016-05-21', 2, 3, 2, '04:54:23'),
(250, '2016-05-21', 2, 4, 2, '04:55:04'),
(251, '2016-05-21', 1, 2, 2, '04:56:00'),
(252, '2016-05-21', 1, 3, 2, '04:57:01'),
(253, '2016-05-21', 4, 1, 1, '04:57:31'),
(254, '2016-05-21', 5, 1, 1, '05:14:50'),
(255, '2016-05-21', 6, 1, 1, '05:15:21'),
(256, '2016-05-21', 7, 1, 1, '05:39:37'),
(257, '2016-05-21', 8, 1, 1, '05:40:58'),
(258, '2016-05-21', 9, 1, 2, '06:16:45'),
(259, '2016-05-21', 10, 1, 1, '06:35:49'),
(260, '2016-05-21', 11, 1, 1, '06:39:03'),
(261, '2016-05-21', 12, 1, 2, '06:40:50'),
(262, '2016-05-21', 13, 1, 1, '06:47:14'),
(263, '2016-05-21', 14, 1, 2, '06:48:13'),
(264, '2016-05-21', 15, 1, 1, '07:10:39'),
(265, '2016-05-21', 15, 2, 1, '07:11:59'),
(266, '2016-05-21', 16, 1, 1, '07:25:46'),
(267, '2016-05-21', 17, 1, 1, '07:26:29'),
(268, '2016-05-21', 17, 2, 1, '07:26:51'),
(269, '2016-05-21', 18, 1, 1, '07:51:01'),
(270, '2016-05-21', 19, 1, 1, '09:03:20'),
(271, '2016-05-21', 20, 1, 1, '09:05:01'),
(272, '2016-05-21', 21, 1, 1, '10:27:37'),
(273, '2016-05-21', 22, 1, 1, '10:39:06'),
(274, '2016-05-21', 23, 1, 2, '10:55:40'),
(275, '2016-05-21', 24, 1, 2, '11:04:15'),
(276, '2016-05-21', 25, 1, 1, '12:08:35'),
(277, '2016-05-21', 26, 1, 1, '12:09:33'),
(278, '2016-05-21', 27, 1, 2, '12:24:39'),
(279, '2016-05-21', 28, 1, 2, '12:29:28'),
(280, '2016-05-21', 29, 1, 1, '12:30:43'),
(281, '2016-05-21', 30, 1, 4, '12:31:37'),
(282, '2016-05-21', 31, 1, 1, '12:35:36'),
(283, '2016-05-21', 30, 2, 4, '12:36:19'),
(284, '2016-05-21', 31, 2, 1, '12:40:38'),
(285, '2016-05-21', 28, 2, 2, '12:41:58'),
(286, '2016-05-21', 30, 3, 4, '12:43:56'),
(287, '2016-05-21', 30, 4, 2, '12:51:48'),
(288, '2016-05-21', 28, 3, 2, '13:00:27'),
(289, '2016-05-21', 28, 4, 2, '13:06:51'),
(290, '2016-05-21', 30, 5, 2, '13:07:38'),
(291, '2016-05-21', 32, 1, 1, '13:10:51'),
(292, '2016-05-21', 33, 1, 1, '13:13:06'),
(293, '2016-05-21', 34, 1, 1, '13:25:26'),
(294, '2016-05-21', 34, 2, 1, '13:25:36'),
(295, '2016-05-21', 30, 6, 2, '13:29:54'),
(296, '2016-05-21', 35, 1, 1, '14:01:06'),
(297, '2016-05-21', 35, 2, 1, '14:02:13'),
(298, '2016-05-21', 36, 1, 1, '14:04:18'),
(299, '2016-05-21', 37, 1, 1, '14:32:11'),
(300, '2016-05-22', 1, 1, 2, '04:52:38'),
(301, '2016-05-22', 2, 1, 2, '04:54:10'),
(302, '2016-05-22', 3, 1, 1, '04:55:56'),
(303, '2016-05-22', 4, 1, 3, '04:56:46'),
(304, '2016-05-22', 5, 1, 2, '05:05:51'),
(305, '2016-05-22', 6, 1, 2, '05:17:20'),
(306, '2016-05-22', 6, 2, 2, '05:24:11'),
(307, '2016-05-22', 7, 1, 2, '05:26:36'),
(308, '2016-05-22', 6, 3, 2, '05:37:31'),
(309, '2016-05-22', 8, 1, 1, '05:50:44'),
(310, '2016-05-22', 9, 1, 1, '05:59:28'),
(311, '2016-05-22', 10, 1, 1, '06:05:54'),
(312, '2016-05-22', 11, 1, 1, '06:19:54'),
(313, '2016-05-22', 12, 1, 2, '06:22:45'),
(314, '2016-05-22', 13, 1, 2, '06:48:21'),
(315, '2016-05-22', 14, 1, 2, '06:55:56'),
(316, '2016-05-22', 15, 1, 1, '07:22:51'),
(317, '2016-05-22', 16, 1, 1, '07:23:58'),
(318, '2016-05-22', 17, 1, 2, '07:30:44'),
(319, '2016-05-22', 18, 1, 1, '07:31:55'),
(320, '2016-05-22', 19, 1, 1, '07:43:45'),
(321, '2016-05-22', 20, 1, 2, '08:16:18'),
(322, '2016-05-22', 19, 2, 1, '08:42:04'),
(323, '2016-05-22', 21, 1, 1, '10:10:20'),
(324, '2016-05-22', 22, 1, 3, '10:37:33'),
(325, '2016-05-22', 22, 2, 3, '10:38:21'),
(326, '2016-05-22', 22, 3, 3, '10:44:46'),
(327, '2016-05-22', 22, 4, 3, '10:51:21'),
(328, '2016-05-22', 23, 1, 2, '11:02:04'),
(329, '2016-05-22', 22, 5, 3, '11:08:56'),
(330, '2016-05-22', 22, 6, 3, '11:11:24'),
(331, '2016-05-22', 23, 2, 2, '11:12:14'),
(332, '2016-05-22', 24, 1, 2, '11:14:13'),
(333, '2016-05-22', 25, 1, 3, '11:19:33'),
(334, '2016-05-22', 23, 3, 2, '11:20:27'),
(335, '2016-05-22', 23, 4, 2, '11:21:07'),
(336, '2016-05-22', 26, 1, 1, '11:22:12'),
(337, '2016-05-22', 22, 7, 3, '11:24:51'),
(338, '2016-05-22', 23, 5, 2, '11:28:58'),
(339, '2016-05-22', 27, 1, 1, '11:35:22'),
(340, '2016-05-22', 25, 2, 3, '11:38:10'),
(341, '2016-05-22', 25, 3, 3, '11:38:24'),
(342, '2016-05-22', 25, 4, 3, '11:38:40'),
(343, '2016-05-22', 25, 5, 3, '11:39:06'),
(344, '2016-05-22', 25, 6, 3, '11:41:43'),
(345, '2016-05-22', 23, 6, 2, '11:45:37'),
(346, '2016-05-22', 25, 7, 3, '12:06:52'),
(347, '2016-05-22', 28, 1, 1, '12:09:24'),
(348, '2016-05-22', 29, 1, 2, '12:10:38'),
(349, '2016-05-22', 25, 8, 3, '12:11:54'),
(350, '2016-05-22', 29, 2, 2, '12:20:57'),
(351, '2016-05-22', 28, 2, 1, '12:24:22'),
(352, '2016-05-22', 25, 9, 3, '12:29:38'),
(353, '2016-05-22', 29, 3, 2, '12:29:58'),
(354, '2016-05-22', 30, 1, 1, '12:31:33'),
(355, '2016-05-22', 31, 1, 1, '12:34:24'),
(356, '2016-05-22', 31, 2, 1, '12:37:02'),
(357, '2016-05-22', 31, 3, 1, '12:41:53'),
(358, '2016-05-22', 31, 4, 1, '12:47:58'),
(359, '2016-05-22', 31, 5, 1, '12:50:41'),
(360, '2016-05-22', 32, 1, 1, '12:52:54'),
(361, '2016-05-22', 31, 6, 1, '13:08:18'),
(362, '2016-05-22', 33, 1, 2, '13:16:36'),
(363, '2016-05-22', 29, 4, 2, '13:20:40'),
(364, '2016-05-22', 31, 7, 1, '13:27:03'),
(365, '2016-05-22', 31, 8, 1, '13:27:50'),
(366, '2016-05-22', 33, 2, 2, '13:28:59'),
(367, '2016-05-22', 34, 1, 4, '13:33:37'),
(368, '2016-05-22', 33, 3, 2, '13:53:14'),
(369, '2016-05-22', 34, 2, 4, '13:57:07'),
(370, '2016-05-22', 34, 3, 4, '14:05:31'),
(371, '2016-05-22', 34, 4, 4, '14:17:48'),
(372, '2016-05-22', 35, 1, 2, '14:39:15'),
(373, '2016-05-22', 35, 2, 2, '14:40:07'),
(374, '2016-05-22', 35, 3, 2, '14:43:06'),
(375, '2016-05-22', 36, 1, 2, '15:02:45'),
(376, '2016-05-23', 1, 1, 1, '04:48:56'),
(377, '2016-05-23', 2, 1, 1, '04:50:37'),
(378, '2016-05-23', 3, 1, 1, '04:52:10'),
(379, '2016-05-23', 4, 1, 2, '04:54:45'),
(380, '2016-05-23', 5, 1, 1, '05:10:31'),
(381, '2016-05-23', 6, 1, 1, '05:25:59'),
(382, '2016-05-23', 7, 1, 2, '05:28:32'),
(383, '2016-05-23', 8, 1, 1, '05:28:49'),
(384, '2016-05-23', 9, 1, 1, '05:46:31'),
(385, '2016-05-23', 10, 1, 1, '05:47:19'),
(386, '2016-05-23', 11, 1, 4, '05:55:14'),
(387, '2016-05-23', 12, 1, 1, '05:55:45'),
(388, '2016-05-23', 11, 2, 4, '06:17:12'),
(389, '2016-05-23', 13, 1, 2, '06:19:52'),
(390, '2016-05-23', 14, 1, 1, '06:20:19'),
(391, '2016-05-23', 15, 1, 2, '06:25:16'),
(392, '2016-05-23', 16, 1, 2, '06:27:58'),
(393, '2016-05-23', 17, 1, 1, '06:37:05'),
(394, '2016-05-23', 18, 1, 1, '06:46:30'),
(395, '2016-05-23', 19, 1, 1, '06:52:34'),
(396, '2016-05-23', 19, 2, 1, '07:04:20'),
(397, '2016-05-23', 18, 2, 1, '07:05:23'),
(398, '2016-05-23', 20, 1, 2, '11:59:13'),
(399, '2016-05-23', 20, 2, 2, '12:02:46'),
(400, '2016-05-23', 21, 1, 2, '12:26:50'),
(401, '2016-05-23', 21, 2, 2, '12:37:05'),
(402, '2016-05-23', 21, 3, 2, '12:40:46'),
(403, '2016-05-23', 20, 3, 2, '12:42:46'),
(404, '2016-05-23', 21, 4, 2, '12:48:47'),
(405, '2016-05-23', 22, 1, 1, '12:59:01'),
(406, '2016-05-23', 23, 1, 1, '12:59:01'),
(407, '2016-05-23', 21, 5, 2, '12:59:33'),
(408, '2016-05-23', 24, 1, 1, '13:07:16'),
(409, '2016-05-23', 25, 1, 1, '13:10:32'),
(410, '2016-05-23', 26, 1, 1, '13:10:33'),
(411, '2016-05-23', 27, 1, 2, '14:00:06'),
(412, '2016-05-23', 27, 2, 2, '14:01:10'),
(413, '2016-05-23', 27, 3, 2, '14:01:11'),
(414, '2016-05-24', 1, 1, 2, '04:27:45'),
(415, '2016-05-24', 2, 1, 2, '04:27:51'),
(416, '2016-05-24', 3, 1, 1, '04:28:20'),
(417, '2016-05-24', 4, 1, 3, '04:29:10'),
(418, '2016-05-24', 5, 1, 1, '04:45:04'),
(419, '2016-05-24', 6, 1, 1, '05:05:30'),
(420, '2016-05-24', 7, 1, 3, '05:16:02'),
(421, '2016-05-24', 8, 1, 1, '05:22:53'),
(422, '2016-05-24', 9, 1, 1, '05:23:21'),
(423, '2016-05-24', 10, 1, 1, '05:23:39'),
(424, '2016-05-24', 11, 1, 2, '05:24:15'),
(425, '2016-05-24', 12, 1, 1, '05:24:43'),
(426, '2016-05-24', 13, 1, 1, '05:25:17'),
(427, '2016-05-24', 14, 1, 2, '05:38:29'),
(428, '2016-05-24', 15, 1, 1, '05:44:11'),
(429, '2016-05-24', 16, 1, 1, '05:47:19'),
(430, '2016-05-24', 17, 1, 1, '06:08:26'),
(431, '2016-05-24', 18, 1, 2, '07:36:02'),
(432, '2016-05-24', 19, 1, 1, '07:48:30'),
(433, '2016-05-24', 20, 1, 1, '10:26:01'),
(434, '2016-05-24', 21, 1, 1, '10:57:12'),
(435, '2016-05-24', 22, 1, 2, '12:24:55'),
(436, '2016-05-24', 22, 2, 2, '12:27:36'),
(437, '2016-05-24', 23, 1, 2, '12:30:41'),
(438, '2016-05-24', 23, 2, 2, '12:52:20'),
(439, '2016-05-24', 24, 1, 2, '12:52:45'),
(440, '2016-05-24', 24, 2, 2, '12:54:10'),
(441, '2016-05-24', 22, 3, 2, '12:59:08'),
(442, '2016-05-24', 24, 3, 2, '13:09:51'),
(443, '2016-05-24', 24, 4, 2, '13:18:00'),
(444, '2016-05-24', 24, 5, 2, '13:19:47'),
(445, '2016-05-24', 25, 1, 2, '13:25:38'),
(446, '2016-05-24', 26, 1, 2, '13:36:59'),
(447, '2016-05-24', 25, 2, 2, '13:39:30'),
(448, '2016-05-24', 27, 1, 1, '13:51:10'),
(449, '2016-05-24', 28, 1, 1, '13:52:05'),
(450, '2016-05-24', 29, 1, 1, '13:53:37'),
(451, '2016-05-24', 27, 2, 1, '13:57:39'),
(452, '2016-05-24', 27, 3, 1, '13:59:04'),
(453, '2016-05-24', 27, 4, 1, '13:59:35'),
(454, '2016-05-24', 27, 5, 1, '14:00:51'),
(455, '2016-05-24', 26, 2, 2, '14:01:25'),
(456, '2016-05-24', 30, 1, 1, '14:02:21'),
(457, '2016-05-24', 27, 6, 1, '14:10:43'),
(458, '2016-05-24', 31, 1, 3, '14:23:15'),
(459, '2016-05-24', 31, 2, 3, '14:35:02'),
(460, '2016-05-24', 32, 1, 1, '14:43:20'),
(461, '2016-05-25', 1, 1, 1, '05:03:16'),
(462, '2016-05-25', 1, 2, 1, '05:11:43'),
(463, '2016-05-25', 2, 1, 1, '05:13:21'),
(464, '2016-05-25', 3, 1, 8, '05:23:00'),
(465, '2016-05-25', 4, 1, 1, '05:29:22'),
(466, '2016-05-25', 5, 1, 1, '05:32:07'),
(467, '2016-05-25', 6, 1, 1, '05:44:10'),
(468, '2016-05-25', 7, 1, 1, '05:44:34'),
(469, '2016-05-25', 8, 1, 1, '05:44:58'),
(470, '2016-05-25', 9, 1, 1, '06:00:17'),
(471, '2016-05-25', 10, 1, 1, '06:05:44'),
(472, '2016-05-25', 11, 1, 1, '06:07:44'),
(473, '2016-05-25', 12, 1, 1, '06:10:50'),
(474, '2016-05-25', 13, 1, 1, '06:30:45'),
(475, '2016-05-25', 14, 1, 1, '07:09:45'),
(476, '2016-05-25', 15, 1, 1, '07:10:56'),
(477, '2016-05-25', 16, 1, 1, '07:13:38'),
(478, '2016-05-25', 15, 2, 1, '07:25:22'),
(479, '2016-05-25', 15, 3, 1, '07:25:52'),
(480, '2016-05-25', 17, 1, 1, '08:01:40'),
(481, '2016-05-25', 17, 2, 1, '08:04:59'),
(482, '2016-05-25', 17, 3, 1, '10:17:47'),
(483, '2016-05-25', 18, 1, 1, '10:18:52'),
(484, '2016-05-25', 19, 1, 2, '10:23:00'),
(485, '2016-05-25', 19, 2, 2, '10:25:53'),
(486, '2016-05-25', 20, 1, 1, '11:03:03'),
(487, '2016-05-25', 21, 1, 1, '11:12:25'),
(488, '2016-05-25', 22, 1, 1, '11:39:10'),
(489, '2016-05-25', 23, 1, 2, '12:22:22'),
(490, '2016-05-25', 24, 1, 2, '12:47:39'),
(491, '2016-05-25', 24, 2, 2, '13:03:58'),
(492, '2016-05-25', 25, 1, 1, '13:18:37'),
(493, '2016-05-25', 26, 1, 1, '13:19:14'),
(494, '2016-05-25', 24, 3, 2, '13:19:46'),
(495, '2016-05-25', 27, 1, 1, '13:38:42'),
(496, '2016-05-25', 28, 1, 1, '13:57:23'),
(497, '2016-05-25', 29, 1, 1, '14:06:51'),
(498, '2016-05-25', 29, 2, 1, '14:09:18'),
(499, '2016-05-25', 30, 1, 1, '14:13:54'),
(500, '2016-05-25', 29, 3, 2, '14:22:09'),
(501, '2016-05-25', 31, 1, 1, '14:32:10'),
(502, '2016-05-25', 29, 4, 2, '14:40:56'),
(503, '2016-05-26', 1, 1, 1, '04:13:42'),
(504, '2016-05-26', 2, 1, 2, '04:19:29'),
(505, '2016-05-26', 3, 1, 2, '05:10:49'),
(506, '2016-05-26', 4, 1, 1, '05:11:46'),
(507, '2016-05-26', 5, 1, 3, '05:18:21'),
(508, '2016-05-26', 6, 1, 1, '05:36:17'),
(509, '2016-05-26', 7, 1, 1, '05:46:44'),
(510, '2016-05-26', 8, 1, 1, '05:48:35'),
(511, '2016-05-26', 9, 1, 1, '05:49:47'),
(512, '2016-05-26', 10, 1, 1, '05:58:41'),
(513, '2016-05-26', 11, 1, 2, '06:06:48'),
(514, '2016-05-26', 7, 2, 1, '06:07:42'),
(515, '2016-05-26', 11, 2, 2, '06:10:26'),
(516, '2016-05-26', 11, 3, 2, '06:11:00'),
(517, '2016-05-26', 12, 1, 1, '06:38:04'),
(518, '2016-05-26', 13, 1, 1, '07:21:41'),
(519, '2016-05-26', 14, 1, 1, '10:12:27'),
(520, '2016-05-26', 15, 1, 1, '10:12:46'),
(521, '2016-05-26', 14, 2, 1, '10:51:27'),
(522, '2016-05-26', 15, 2, 1, '11:06:36'),
(523, '2016-05-26', 16, 1, 1, '11:08:09'),
(524, '2016-05-26', 16, 2, 1, '11:09:41'),
(525, '2016-05-26', 15, 3, 1, '11:10:01'),
(526, '2016-05-26', 17, 1, 2, '11:59:44'),
(527, '2016-05-26', 17, 2, 2, '12:33:57'),
(528, '2016-05-26', 17, 3, 2, '12:34:06'),
(529, '2016-05-26', 15, 4, 1, '12:35:10'),
(530, '2016-05-26', 15, 5, 1, '12:36:25'),
(531, '2016-05-26', 17, 4, 2, '12:44:17'),
(532, '2016-05-26', 18, 1, 2, '13:07:16'),
(533, '2016-05-26', 17, 5, 2, '13:07:42'),
(534, '2016-05-26', 17, 6, 2, '13:45:24'),
(535, '2016-05-26', 19, 1, 2, '13:46:28'),
(536, '2016-05-26', 20, 1, 1, '14:03:20'),
(537, '2016-05-26', 21, 1, 1, '14:12:48'),
(538, '2016-05-26', 22, 1, 1, '14:21:35'),
(539, '2016-05-26', 23, 1, 1, '15:00:39'),
(540, '2016-05-27', 1, 1, 1, '05:34:01'),
(542, '2016-05-27', 2, 1, 1, '05:37:06'),
(543, '2016-05-27', 3, 1, 1, '05:38:54'),
(544, '2016-05-27', 4, 1, 1, '05:41:47'),
(545, '2016-05-27', 5, 1, 1, '06:07:02'),
(546, '2016-05-27', 6, 1, 2, '06:24:02'),
(547, '2016-05-27', 7, 1, 2, '06:35:39'),
(548, '2016-05-27', 8, 1, 1, '06:50:01'),
(549, '2016-05-27', 8, 2, 1, '07:03:39'),
(550, '2016-05-27', 9, 1, 1, '07:22:13'),
(551, '2016-05-27', 10, 1, 1, '07:33:16'),
(552, '2016-05-27', 11, 1, 1, '10:07:33'),
(553, '2016-05-27', 12, 1, 1, '11:29:01'),
(554, '2016-05-27', 13, 1, 1, '11:35:56'),
(555, '2016-05-27', 14, 1, 1, '11:52:18'),
(556, '2016-05-28', 1, 1, 1, '04:32:48'),
(558, '2016-05-28', 2, 1, 1, '04:34:52'),
(560, '2016-05-28', 3, 1, 1, '04:41:28'),
(561, '2016-05-28', 3, 2, 1, '04:42:06'),
(562, '2016-05-28', 4, 1, 1, '04:50:20'),
(563, '2016-05-28', 5, 1, 1, '04:53:42'),
(564, '2016-05-28', 6, 1, 1, '05:04:24'),
(565, '2016-05-28', 7, 1, 2, '05:22:37'),
(566, '2016-05-28', 8, 1, 1, '05:30:49'),
(567, '2016-05-28', 9, 1, 2, '05:35:34'),
(568, '2016-05-28', 10, 1, 1, '05:38:40'),
(569, '2016-05-28', 9, 2, 2, '05:39:53'),
(570, '2016-05-28', 11, 1, 1, '05:47:48'),
(571, '2016-05-28', 12, 1, 1, '06:03:26'),
(572, '2016-05-28', 13, 1, 2, '06:14:49'),
(573, '2016-05-28', 14, 1, 2, '06:48:11'),
(574, '2016-05-28', 15, 1, 1, '06:49:14'),
(575, '2016-05-28', 16, 1, 1, '06:49:45'),
(576, '2016-05-28', 17, 1, 2, '07:37:10'),
(577, '2016-05-28', 17, 2, 2, '07:37:30'),
(578, '2016-05-28', 18, 1, 2, '10:09:09'),
(579, '2016-05-28', 19, 1, 1, '10:58:50'),
(580, '2016-05-28', 20, 1, 2, '11:37:24'),
(581, '2016-05-28', 21, 1, 1, '12:06:14'),
(582, '2016-05-28', 22, 1, 2, '12:07:43'),
(583, '2016-05-28', 21, 2, 1, '12:09:51'),
(584, '2016-05-28', 23, 1, 2, '12:13:00'),
(585, '2016-05-28', 24, 1, 1, '12:28:59'),
(586, '2016-05-28', 19, 2, 1, '12:29:36'),
(587, '2016-05-28', 22, 2, 2, '12:36:06'),
(588, '2016-05-28', 25, 1, 1, '12:36:47'),
(589, '2016-05-28', 21, 3, 1, '12:41:35'),
(590, '2016-05-28', 22, 3, 2, '12:52:44'),
(591, '2016-05-28', 26, 1, 2, '13:09:41'),
(592, '2016-05-28', 26, 2, 2, '13:10:09'),
(593, '2016-05-28', 26, 3, 2, '13:17:54'),
(594, '2016-05-28', 26, 4, 2, '13:26:12'),
(595, '2016-05-28', 27, 1, 2, '13:34:27'),
(596, '2016-05-28', 27, 2, 2, '13:34:56'),
(597, '2016-05-28', 27, 3, 2, '13:48:42'),
(598, '2016-05-28', 28, 1, 2, '13:56:45'),
(599, '2016-05-28', 27, 4, 2, '14:07:00'),
(600, '2016-05-28', 22, 4, 2, '14:11:05'),
(601, '2016-05-28', 29, 1, 2, '14:12:09'),
(602, '2016-05-28', 30, 1, 2, '14:34:19'),
(603, '2016-05-28', 30, 2, 2, '14:35:13'),
(604, '2016-05-28', 30, 3, 2, '14:51:01'),
(605, '2016-05-28', 31, 1, 1, '14:56:59'),
(606, '2016-05-28', 31, 2, 1, '15:04:23'),
(607, '2016-05-28', 32, 1, 1, '16:47:53'),
(608, '2016-05-28', 33, 1, 1, '16:50:07'),
(609, '2016-05-29', 1, 1, 1, '04:45:46'),
(610, '2016-05-29', 2, 1, 3, '05:14:05'),
(611, '2016-05-29', 3, 1, 1, '05:20:43'),
(612, '2016-05-29', 4, 1, 1, '05:21:25'),
(613, '2016-05-29', 5, 1, 2, '05:21:44'),
(614, '2016-05-29', 6, 1, 1, '05:33:14'),
(615, '2016-05-29', 7, 1, 1, '05:38:17'),
(616, '2016-05-29', 8, 1, 2, '05:44:02'),
(617, '2016-05-29', 9, 1, 1, '05:46:49'),
(618, '2016-05-29', 10, 1, 2, '05:50:41'),
(619, '2016-05-29', 11, 1, 1, '06:07:58'),
(620, '2016-05-29', 12, 1, 1, '06:11:36'),
(621, '2016-05-29', 10, 2, 2, '06:18:42'),
(622, '2016-05-29', 13, 1, 1, '06:22:58'),
(623, '2016-05-29', 14, 1, 2, '06:25:13'),
(624, '2016-05-29', 15, 1, 2, '06:51:26'),
(625, '2016-05-29', 16, 1, 2, '07:13:46'),
(626, '2016-05-29', 17, 1, 1, '10:05:53'),
(627, '2016-05-29', 18, 1, 4, '10:29:49'),
(628, '2016-05-29', 18, 2, 4, '10:38:25'),
(629, '2016-05-29', 18, 3, 4, '10:47:43'),
(630, '2016-05-29', 19, 1, 1, '10:51:22'),
(631, '2016-05-29', 18, 4, 4, '10:53:23'),
(632, '2016-05-29', 18, 5, 4, '11:03:46'),
(633, '2016-05-29', 20, 1, 1, '11:07:58'),
(634, '2016-05-29', 20, 2, 1, '11:11:37'),
(635, '2016-05-29', 21, 1, 1, '11:16:32'),
(636, '2016-05-29', 18, 6, 4, '11:17:58'),
(637, '2016-05-29', 18, 7, 4, '11:26:09'),
(638, '2016-05-29', 22, 1, 1, '11:29:04'),
(639, '2016-05-29', 22, 2, 1, '11:29:24'),
(640, '2016-05-29', 23, 1, 1, '11:34:00'),
(641, '2016-05-29', 18, 8, 4, '11:36:42'),
(642, '2016-05-29', 24, 1, 2, '11:43:20'),
(643, '2016-05-29', 25, 1, 2, '11:45:50'),
(644, '2016-05-29', 26, 1, 2, '11:48:36'),
(645, '2016-05-29', 27, 1, 1, '11:53:45'),
(646, '2016-05-29', 28, 1, 1, '11:59:24'),
(647, '2016-05-29', 26, 2, 2, '12:01:41'),
(648, '2016-05-29', 25, 2, 2, '12:02:39'),
(649, '2016-05-29', 26, 3, 2, '12:04:07'),
(650, '2016-05-29', 25, 3, 2, '12:07:51'),
(651, '2016-05-29', 26, 4, 2, '12:10:07'),
(652, '2016-05-29', 29, 1, 2, '12:14:09'),
(653, '2016-05-29', 30, 1, 1, '12:17:43'),
(654, '2016-05-29', 26, 5, 2, '12:24:01'),
(655, '2016-05-29', 29, 2, 2, '12:25:51'),
(656, '2016-05-29', 26, 6, 2, '12:30:44'),
(657, '2016-05-29', 28, 2, 1, '12:33:18'),
(658, '2016-05-29', 25, 4, 2, '12:35:34'),
(659, '2016-05-29', 31, 1, 2, '12:36:08'),
(660, '2016-05-29', 31, 2, 2, '12:37:05'),
(661, '2016-05-29', 29, 3, 2, '12:38:53'),
(662, '2016-05-29', 32, 1, 1, '12:39:39'),
(663, '2016-05-29', 29, 4, 2, '12:51:29'),
(664, '2016-05-29', 29, 5, 2, '12:51:58'),
(665, '2016-05-29', 33, 1, 2, '12:59:58'),
(666, '2016-05-29', 31, 3, 2, '13:00:39'),
(667, '2016-05-29', 31, 4, 2, '13:12:02'),
(668, '2016-05-29', 29, 6, 2, '13:13:35'),
(669, '2016-05-29', 34, 1, 2, '13:18:01'),
(670, '2016-05-29', 33, 2, 2, '13:21:25'),
(671, '2016-05-29', 34, 2, 2, '13:23:05'),
(672, '2016-05-29', 35, 1, 4, '13:24:06'),
(673, '2016-05-29', 35, 2, 4, '13:33:27'),
(674, '2016-05-29', 34, 3, 2, '13:37:23'),
(675, '2016-05-29', 36, 1, 2, '13:50:39'),
(676, '2016-05-29', 35, 3, 4, '13:55:51'),
(677, '2016-05-29', 29, 7, 2, '13:56:16'),
(678, '2016-05-29', 36, 2, 2, '14:17:23'),
(679, '2016-05-29', 37, 1, 2, '14:19:51'),
(680, '2016-05-29', 30, 2, 1, '14:21:52'),
(681, '2016-05-30', 1, 1, 2, '04:53:18'),
(682, '2016-05-30', 2, 1, 2, '05:07:23'),
(683, '2016-05-30', 3, 1, 1, '05:15:59'),
(684, '2016-05-30', 4, 1, 1, '05:28:58'),
(685, '2016-05-30', 5, 1, 1, '05:54:40'),
(686, '2016-05-30', 5, 2, 1, '05:56:04'),
(687, '2016-05-30', 6, 1, 1, '05:56:56'),
(688, '2016-05-30', 7, 1, 2, '06:07:02'),
(689, '2016-05-30', 8, 1, 1, '07:21:52'),
(690, '2016-05-30', 9, 1, 1, '07:22:15'),
(691, '2016-05-30', 10, 1, 1, '07:23:19'),
(692, '2016-05-30', 11, 1, 1, '07:46:03'),
(693, '2016-05-30', 12, 1, 1, '07:47:59'),
(694, '2016-05-30', 11, 2, 1, '07:50:47'),
(695, '2016-05-30', 13, 1, 1, '10:19:04'),
(696, '2016-05-30', 14, 1, 1, '12:21:23'),
(697, '2016-05-30', 15, 1, 1, '12:22:29'),
(698, '2016-05-30', 16, 1, 2, '12:37:07'),
(699, '2016-05-30', 15, 2, 1, '12:55:43'),
(700, '2016-05-30', 17, 1, 1, '13:08:34'),
(701, '2016-05-30', 18, 1, 1, '13:12:20'),
(702, '2016-05-30', 19, 1, 1, '13:28:23'),
(703, '2016-05-30', 20, 1, 1, '13:48:10'),
(704, '2016-05-30', 19, 2, 1, '13:53:16'),
(705, '2016-05-30', 21, 1, 3, '14:33:08'),
(706, '2016-05-30', 21, 2, 3, '14:34:31'),
(707, '2016-05-30', 21, 3, 3, '14:42:45'),
(708, '2016-05-30', 21, 4, 3, '22:02:43'),
(709, '2016-05-30', 21, 5, 3, '22:10:56'),
(710, '2016-05-30', 21, 6, 3, '22:15:11'),
(711, '2016-05-31', 1, 1, 1, '11:13:17'),
(712, '2016-05-31', 2, 1, 2, '11:54:44'),
(713, '2016-05-31', 3, 1, 1, '12:05:21'),
(714, '2016-05-31', 4, 1, 1, '12:32:46'),
(715, '2016-05-31', 5, 1, 1, '12:33:05'),
(716, '2016-05-31', 6, 1, 1, '12:33:20'),
(717, '2016-05-31', 7, 1, 1, '12:46:09'),
(718, '2016-05-31', 8, 1, 1, '12:50:06'),
(719, '2016-05-31', 9, 1, 2, '13:57:31'),
(720, '2016-05-31', 10, 1, 1, '14:33:42'),
(721, '2016-05-31', 10, 2, 1, '14:34:00'),
(722, '2016-05-31', 11, 1, 2, '17:22:19'),
(723, '2016-05-31', 11, 2, 2, '17:31:41'),
(724, '2016-05-31', 12, 1, 3, '17:36:49'),
(725, '2016-05-31', 12, 2, 3, '17:46:31'),
(726, '2016-05-31', 13, 1, 1, '17:50:03'),
(727, '2016-05-31', 11, 3, 2, '17:57:53'),
(728, '2016-05-31', 12, 3, 3, '18:02:23'),
(729, '2016-05-31', 11, 4, 2, '18:02:42'),
(730, '2016-05-31', 12, 4, 3, '18:05:05'),
(731, '2016-05-31', 14, 1, 1, '18:07:43'),
(732, '2016-05-31', 15, 1, 1, '18:28:07'),
(733, '2016-05-31', 11, 5, 2, '18:41:12'),
(734, '2016-05-31', 11, 6, 2, '18:59:19'),
(735, '2016-05-31', 16, 1, 1, '18:59:43'),
(736, '2016-05-31', 12, 5, 3, '19:01:56'),
(737, '2016-05-31', 17, 1, 3, '19:04:24'),
(738, '2016-05-31', 17, 2, 3, '19:04:50'),
(739, '2016-05-31', 17, 3, 3, '19:31:30'),
(740, '2016-05-31', 18, 1, 2, '19:52:54'),
(741, '2016-05-31', 17, 4, 3, '19:58:57'),
(742, '2016-05-31', 19, 1, 2, '20:00:31'),
(743, '2016-05-31', 18, 2, 2, '20:13:39'),
(744, '2016-05-31', 17, 5, 3, '20:22:42'),
(745, '2016-05-31', 19, 2, 2, '20:26:45'),
(746, '2016-05-31', 20, 1, 1, '20:29:54'),
(747, '2016-05-31', 18, 3, 2, '20:30:37'),
(748, '2016-05-31', 18, 4, 2, '20:40:34'),
(749, '2016-05-31', 18, 5, 2, '21:08:28'),
(750, '2016-05-31', 21, 1, 2, '21:22:48'),
(751, '2016-05-31', 21, 2, 2, '21:23:25'),
(752, '2016-05-31', 22, 1, 2, '21:25:35'),
(753, '2016-05-31', 21, 3, 2, '21:27:06'),
(754, '2016-05-31', 21, 4, 2, '21:28:45'),
(755, '2016-05-31', 22, 2, 2, '21:30:24'),
(756, '2016-05-31', 23, 1, 1, '21:35:07'),
(757, '2016-05-31', 23, 2, 1, '21:35:45'),
(758, '2016-05-31', 21, 5, 2, '21:39:35'),
(759, '2016-05-31', 24, 1, 1, '21:50:12'),
(760, '2016-05-31', 25, 1, 1, '21:50:13'),
(761, '2016-05-31', 21, 6, 2, '21:54:27'),
(762, '2016-05-31', 25, 2, 1, '22:02:40'),
(763, '2016-05-31', 25, 3, 1, '22:08:16'),
(764, '2016-06-01', 1, 1, 1, '11:56:16'),
(765, '2016-06-01', 2, 1, 1, '12:02:11'),
(766, '2016-06-01', 3, 1, 1, '12:04:16'),
(767, '2016-06-01', 4, 1, 6, '12:13:45'),
(768, '2016-06-01', 5, 1, 1, '12:14:06'),
(769, '2016-06-01', 4, 2, 6, '12:25:58'),
(770, '2016-06-01', 6, 1, 1, '12:51:48'),
(771, '2016-06-01', 7, 1, 1, '12:52:08'),
(772, '2016-06-01', 8, 1, 1, '13:12:10'),
(773, '2016-06-01', 9, 1, 1, '13:12:36'),
(774, '2016-06-01', 6, 2, 1, '13:13:31'),
(775, '2016-06-01', 10, 1, 1, '13:18:46'),
(776, '2016-06-01', 11, 1, 1, '13:37:40'),
(777, '2016-06-01', 12, 1, 1, '13:46:07'),
(778, '2016-06-01', 13, 1, 1, '13:46:27'),
(779, '2016-06-01', 14, 1, 1, '13:48:47'),
(780, '2016-06-01', 15, 1, 1, '14:10:02'),
(781, '2016-06-01', 16, 1, 1, '14:22:22'),
(782, '2016-06-01', 17, 1, 1, '17:26:23'),
(783, '2016-06-01', 17, 2, 1, '17:27:27'),
(784, '2016-06-01', 17, 3, 1, '17:34:37'),
(785, '2016-06-01', 18, 1, 1, '17:34:57'),
(786, '2016-06-01', 19, 1, 1, '18:09:09'),
(787, '2016-06-01', 19, 2, 1, '18:11:23'),
(788, '2016-06-01', 20, 1, 2, '18:11:53'),
(789, '2016-06-01', 20, 2, 2, '18:16:06'),
(790, '2016-06-01', 20, 3, 2, '18:27:10'),
(791, '2016-06-01', 20, 4, 2, '18:33:17'),
(792, '2016-06-01', 20, 5, 2, '18:35:14'),
(793, '2016-06-01', 21, 1, 1, '18:35:32'),
(794, '2016-06-01', 22, 1, 2, '18:41:27'),
(795, '2016-06-01', 23, 1, 1, '18:47:07'),
(796, '2016-06-01', 20, 6, 2, '18:48:50'),
(797, '2016-06-01', 24, 1, 1, '18:54:43'),
(798, '2016-06-01', 24, 2, 1, '19:00:47'),
(799, '2016-06-01', 25, 1, 2, '19:05:09'),
(800, '2016-06-01', 26, 1, 3, '19:26:01'),
(801, '2016-06-01', 26, 2, 3, '19:27:11'),
(802, '2016-06-01', 25, 2, 3, '19:32:01'),
(803, '2016-06-01', 25, 3, 3, '19:51:38'),
(804, '2016-06-01', 27, 1, 2, '20:05:27'),
(805, '2016-06-01', 26, 3, 3, '20:05:40'),
(806, '2016-06-01', 25, 4, 3, '20:06:09'),
(807, '2016-06-01', 28, 1, 1, '20:13:48'),
(808, '2016-06-01', 29, 1, 1, '20:23:56'),
(809, '2016-06-01', 27, 2, 2, '20:31:34'),
(810, '2016-06-01', 30, 1, 1, '20:39:41'),
(811, '2016-06-01', 31, 1, 2, '20:44:16'),
(812, '2016-06-01', 32, 1, 1, '20:46:28'),
(813, '2016-06-01', 33, 1, 1, '20:58:33'),
(814, '2016-06-01', 31, 2, 2, '21:01:33'),
(815, '2016-06-01', 34, 1, 1, '21:19:47'),
(816, '2016-06-01', 35, 1, 1, '21:20:43'),
(817, '2016-06-01', 31, 3, 2, '21:22:29'),
(818, '2016-06-01', 36, 1, 1, '21:31:39'),
(819, '2016-06-01', 36, 2, 1, '21:44:27'),
(820, '2016-06-01', 36, 3, 1, '21:54:43'),
(821, '2016-06-02', 1, 1, 2, '11:24:49'),
(822, '2016-06-02', 2, 1, 2, '11:26:38'),
(823, '2016-06-02', 3, 1, 1, '11:27:15'),
(824, '2016-06-02', 4, 1, 1, '11:27:37'),
(825, '2016-06-02', 5, 1, 1, '11:28:05'),
(826, '2016-06-02', 6, 1, 1, '11:57:21'),
(827, '2016-06-02', 7, 1, 2, '12:00:30'),
(828, '2016-06-02', 8, 1, 1, '12:09:41'),
(829, '2016-06-02', 9, 1, 1, '12:22:13'),
(830, '2016-06-02', 10, 1, 1, '12:26:05'),
(831, '2016-06-02', 11, 1, 3, '12:28:45'),
(832, '2016-06-02', 12, 1, 1, '12:49:54'),
(833, '2016-06-02', 13, 1, 4, '12:54:43'),
(834, '2016-06-02', 14, 1, 1, '13:17:35'),
(835, '2016-06-02', 10, 2, 1, '13:33:19'),
(836, '2016-06-02', 15, 1, 1, '13:33:38'),
(837, '2016-06-02', 16, 1, 1, '13:38:12'),
(838, '2016-06-02', 17, 1, 1, '13:54:14'),
(839, '2016-06-02', 18, 1, 2, '15:34:31'),
(840, '2016-06-02', 19, 1, 1, '15:38:28'),
(841, '2016-06-02', 20, 1, 1, '18:34:54'),
(842, '2016-06-02', 21, 1, 1, '18:46:10'),
(843, '2016-06-02', 22, 1, 2, '19:05:41'),
(844, '2016-06-02', 23, 1, 1, '19:39:01'),
(845, '2016-06-02', 24, 1, 1, '19:41:45'),
(846, '2016-06-02', 22, 2, 2, '19:48:41'),
(847, '2016-06-02', 25, 1, 3, '20:09:47'),
(848, '2016-06-02', 26, 1, 2, '20:13:47'),
(849, '2016-06-02', 26, 2, 2, '20:16:19'),
(850, '2016-06-02', 26, 3, 2, '20:29:21'),
(851, '2016-06-02', 27, 1, 1, '20:48:03'),
(852, '2016-06-02', 28, 1, 1, '21:04:42'),
(853, '2016-06-02', 27, 2, 1, '21:05:13'),
(854, '2016-06-02', 27, 3, 1, '21:13:27'),
(855, '2016-06-02', 27, 4, 1, '21:14:11'),
(858, '2016-06-03', 1, 1, 1, '12:03:13'),
(860, '2016-06-03', 2, 1, 2, '12:14:18'),
(861, '2016-06-03', 3, 1, 2, '12:28:54'),
(862, '2016-06-03', 4, 1, 1, '12:29:13'),
(863, '2016-06-03', 5, 1, 1, '12:29:40'),
(864, '2016-06-03', 6, 1, 1, '12:30:21'),
(865, '2016-06-03', 7, 1, 1, '12:31:23'),
(866, '2016-06-03', 8, 1, 1, '12:59:06'),
(867, '2016-06-03', 8, 2, 1, '12:59:53'),
(868, '2016-06-03', 9, 1, 1, '13:10:16'),
(869, '2016-06-03', 10, 1, 1, '14:21:09'),
(870, '2016-06-03', 11, 1, 2, '14:52:53'),
(871, '2016-06-03', 12, 1, 1, '14:53:15'),
(872, '2016-06-03', 11, 2, 2, '14:54:23'),
(873, '2016-06-03', 13, 1, 1, '14:59:18'),
(874, '2016-06-03', 14, 1, 1, '14:59:40'),
(875, '2016-06-03', 14, 2, 1, '15:02:16'),
(876, '2016-06-03', 15, 1, 1, '18:27:14'),
(877, '2016-06-03', 16, 1, 1, '18:27:53'),
(879, '2016-06-03', 16, 2, 1, '18:52:26'),
(880, '2016-06-03', 17, 1, 2, '19:25:25'),
(881, '2016-06-03', 18, 1, 1, '19:31:10'),
(882, '2016-06-03', 17, 2, 2, '19:37:59'),
(885, '2016-06-03', 19, 1, 1, '20:21:28'),
(886, '2016-06-03', 20, 1, 1, '20:27:50'),
(887, '2016-06-03', 21, 1, 1, '20:49:04'),
(888, '2016-06-03', 21, 2, 1, '20:55:34'),
(889, '2016-06-04', 1, 1, 1, '11:28:07'),
(890, '2016-06-04', 2, 1, 1, '11:30:32'),
(891, '2016-06-04', 2, 2, 1, '11:33:35'),
(892, '2016-06-04', 3, 1, 2, '11:47:58'),
(893, '2016-06-04', 4, 1, 2, '11:51:34'),
(894, '2016-06-04', 5, 1, 2, '11:52:09'),
(895, '2016-06-04', 6, 1, 2, '12:03:01'),
(896, '2016-06-04', 7, 1, 1, '12:12:11'),
(897, '2016-06-04', 8, 1, 1, '12:40:55'),
(898, '2016-06-04', 9, 1, 1, '12:53:25'),
(899, '2016-06-04', 10, 1, 1, '12:53:44'),
(900, '2016-06-04', 11, 1, 3, '12:54:02'),
(901, '2016-06-04', 12, 1, 2, '12:57:30'),
(902, '2016-06-04', 13, 1, 2, '12:57:57'),
(903, '2016-06-04', 8, 2, 1, '12:58:15'),
(904, '2016-06-04', 14, 1, 1, '12:58:40'),
(905, '2016-06-04', 10, 2, 1, '13:01:33'),
(906, '2016-06-04', 15, 1, 1, '13:41:52'),
(907, '2016-06-04', 16, 1, 1, '13:44:24'),
(908, '2016-06-04', 17, 1, 1, '14:32:20'),
(909, '2016-06-04', 18, 1, 1, '14:48:32'),
(910, '2016-06-04', 19, 1, 1, '14:50:31'),
(911, '2016-06-04', 18, 2, 1, '14:53:16'),
(912, '2016-06-04', 20, 1, 1, '17:16:47'),
(913, '2016-06-04', 21, 1, 1, '17:22:35'),
(914, '2016-06-04', 22, 1, 1, '18:03:41'),
(915, '2016-06-04', 23, 1, 1, '18:06:38'),
(916, '2016-06-04', 24, 1, 1, '18:40:30'),
(917, '2016-06-04', 24, 2, 1, '18:41:19'),
(918, '2016-06-04', 25, 1, 1, '19:03:58'),
(919, '2016-06-04', 25, 2, 1, '19:09:02'),
(920, '2016-06-04', 26, 1, 2, '19:20:03'),
(921, '2016-06-04', 25, 3, 1, '19:20:54'),
(922, '2016-06-04', 25, 4, 1, '19:36:18'),
(923, '2016-06-04', 27, 1, 1, '19:42:02'),
(924, '2016-06-04', 28, 1, 4, '19:46:37'),
(925, '2016-06-04', 29, 1, 1, '20:08:52'),
(926, '2016-06-04', 28, 2, 4, '20:10:43'),
(927, '2016-06-04', 30, 1, 1, '20:18:30'),
(928, '2016-06-04', 31, 1, 2, '20:50:11'),
(929, '2016-06-04', 31, 2, 2, '20:52:06'),
(930, '2016-06-04', 32, 1, 1, '20:55:16'),
(931, '2016-06-04', 33, 1, 2, '21:07:16'),
(932, '2016-06-04', 33, 2, 2, '21:08:38'),
(933, '2016-06-04', 34, 1, 1, '21:23:58'),
(934, '2016-06-05', 1, 1, 1, '11:40:49'),
(935, '2016-06-05', 2, 1, 1, '11:42:06'),
(936, '2016-06-05', 1, 2, 1, '11:44:53'),
(937, '2016-06-05', 3, 1, 1, '11:50:08'),
(938, '2016-06-05', 4, 1, 1, '11:50:34'),
(939, '2016-06-05', 5, 1, 1, '11:57:20'),
(940, '2016-06-05', 6, 1, 2, '12:00:05'),
(941, '2016-06-05', 7, 1, 1, '12:02:00'),
(942, '2016-06-05', 3, 2, 1, '12:05:55'),
(943, '2016-06-05', 6, 2, 2, '12:07:12'),
(944, '2016-06-05', 8, 1, 2, '12:08:30'),
(945, '2016-06-05', 3, 3, 1, '12:09:11'),
(946, '2016-06-05', 9, 1, 4, '12:15:38'),
(947, '2016-06-05', 10, 1, 1, '12:20:56'),
(948, '2016-06-05', 11, 1, 2, '12:45:49'),
(949, '2016-06-05', 12, 1, 1, '12:49:32'),
(950, '2016-06-05', 13, 1, 2, '12:56:33'),
(951, '2016-06-05', 14, 1, 2, '13:06:14'),
(952, '2016-06-05', 15, 1, 1, '13:25:23'),
(953, '2016-06-05', 16, 1, 2, '13:28:48'),
(954, '2016-06-05', 17, 1, 2, '13:29:46'),
(955, '2016-06-05', 18, 1, 2, '13:31:00'),
(956, '2016-06-05', 19, 1, 1, '13:37:02'),
(957, '2016-06-05', 18, 2, 2, '13:37:49'),
(958, '2016-06-05', 20, 1, 2, '13:57:29'),
(959, '2016-06-05', 21, 1, 1, '14:07:49'),
(960, '2016-06-05', 22, 1, 2, '14:14:54'),
(961, '2016-06-05', 18, 3, 2, '14:35:23'),
(962, '2016-06-05', 23, 1, 1, '14:42:21'),
(963, '2016-06-05', 24, 1, 2, '14:58:00'),
(964, '2016-06-05', 25, 1, 1, '14:59:23'),
(965, '2016-06-05', 24, 2, 2, '14:59:53'),
(966, '2016-06-05', 26, 1, 4, '15:00:44'),
(967, '2016-06-05', 26, 2, 4, '15:07:18'),
(968, '2016-06-05', 26, 3, 4, '15:31:47'),
(969, '2016-06-05', 27, 1, 1, '17:31:38'),
(970, '2016-06-05', 28, 1, 3, '17:55:55'),
(971, '2016-06-05', 29, 1, 2, '17:56:20'),
(972, '2016-06-05', 28, 2, 3, '18:09:40'),
(973, '2016-06-05', 30, 1, 2, '18:27:45'),
(974, '2016-06-05', 28, 3, 3, '18:28:01'),
(975, '2016-06-05', 28, 4, 3, '18:28:20'),
(976, '2016-06-05', 31, 1, 2, '18:34:27'),
(977, '2016-06-05', 28, 5, 3, '18:36:09'),
(978, '2016-06-05', 30, 2, 2, '18:38:19'),
(979, '2016-06-05', 30, 3, 2, '18:45:35'),
(980, '2016-06-05', 32, 1, 2, '18:52:04'),
(981, '2016-06-05', 33, 1, 2, '18:54:04'),
(982, '2016-06-05', 34, 1, 1, '19:04:13'),
(983, '2016-06-05', 32, 2, 2, '19:08:33'),
(984, '2016-06-05', 30, 4, 2, '19:17:48'),
(985, '2016-06-05', 35, 1, 1, '19:18:07'),
(986, '2016-06-05', 33, 2, 2, '19:21:31'),
(987, '2016-06-05', 36, 1, 2, '19:23:49'),
(988, '2016-06-05', 37, 1, 2, '19:32:22'),
(989, '2016-06-05', 37, 2, 2, '19:33:34'),
(990, '2016-06-05', 33, 3, 2, '19:37:48'),
(991, '2016-06-05', 38, 1, 2, '19:38:47'),
(992, '2016-06-05', 37, 3, 2, '19:46:58'),
(993, '2016-06-05', 38, 2, 2, '19:49:59'),
(994, '2016-06-05', 39, 1, 1, '19:50:20'),
(995, '2016-06-05', 40, 1, 2, '20:01:40'),
(996, '2016-06-05', 41, 1, 2, '20:09:13'),
(997, '2016-06-05', 41, 2, 2, '20:09:49'),
(998, '2016-06-05', 38, 3, 2, '20:11:42'),
(999, '2016-06-05', 42, 1, 2, '20:12:30'),
(1000, '2016-06-05', 39, 2, 1, '20:15:24'),
(1001, '2016-06-05', 37, 4, 2, '20:19:51'),
(1002, '2016-06-05', 41, 3, 2, '20:35:29'),
(1003, '2016-06-05', 42, 2, 2, '20:39:30'),
(1004, '2016-06-05', 35, 2, 1, '20:49:52'),
(1005, '2016-06-05', 43, 1, 3, '21:08:38'),
(1006, '2016-06-05', 44, 1, 2, '22:13:01'),
(1007, '2016-06-05', 44, 2, 2, '22:15:48'),
(1008, '2016-06-05', 44, 3, 2, '22:31:32'),
(1009, '2016-06-06', 1, 1, 1, '11:57:02'),
(1010, '2016-06-06', 2, 1, 2, '12:10:38'),
(1011, '2016-06-06', 1, 2, 1, '12:16:17'),
(1012, '2016-06-06', 1, 3, 1, '12:18:36'),
(1013, '2016-06-06', 3, 1, 1, '12:19:14'),
(1014, '2016-06-06', 4, 1, 2, '12:20:01'),
(1015, '2016-06-06', 5, 1, 1, '12:21:05'),
(1016, '2016-06-06', 1, 4, 1, '12:24:13'),
(1017, '2016-06-06', 6, 1, 1, '13:10:33'),
(1018, '2016-06-06', 6, 2, 1, '13:10:47'),
(1019, '2016-06-06', 7, 1, 1, '13:10:55'),
(1020, '2016-06-06', 8, 1, 1, '13:11:12'),
(1021, '2016-06-06', 9, 1, 1, '13:11:35'),
(1022, '2016-06-06', 10, 1, 1, '13:21:28'),
(1023, '2016-06-06', 11, 1, 1, '13:32:45'),
(1024, '2016-06-06', 12, 1, 1, '13:41:29'),
(1025, '2016-06-06', 13, 1, 3, '14:59:16'),
(1026, '2016-06-06', 13, 2, 3, '15:02:42'),
(1027, '2016-06-06', 13, 3, 3, '15:05:42'),
(1028, '2016-06-06', 14, 1, 1, '15:10:16'),
(1029, '2016-06-06', 15, 1, 1, '17:46:32'),
(1030, '2016-06-06', 16, 1, 2, '18:35:06'),
(1031, '2016-06-06', 17, 1, 2, '18:41:10'),
(1032, '2016-06-06', 16, 2, 2, '18:41:44'),
(1033, '2016-06-06', 18, 1, 1, '18:51:54'),
(1034, '2016-06-06', 17, 2, 2, '18:54:24'),
(1035, '2016-06-06', 16, 3, 2, '18:56:55'),
(1036, '2016-06-06', 17, 3, 2, '18:58:52'),
(1037, '2016-06-06', 16, 4, 2, '19:01:35'),
(1038, '2016-06-06', 18, 2, 1, '19:06:24'),
(1039, '2016-06-06', 16, 5, 2, '19:07:04'),
(1040, '2016-06-06', 16, 6, 2, '19:07:33'),
(1041, '2016-06-06', 19, 1, 1, '19:09:34'),
(1042, '2016-06-06', 17, 4, 2, '19:11:56'),
(1043, '2016-06-06', 20, 1, 1, '19:32:19'),
(1044, '2016-06-06', 20, 2, 1, '19:40:34'),
(1045, '2016-06-06', 16, 7, 2, '19:45:33'),
(1046, '2016-06-06', 17, 5, 2, '19:48:17'),
(1047, '2016-06-06', 21, 1, 3, '20:19:30'),
(1048, '2016-06-06', 21, 2, 3, '20:21:24'),
(1049, '2016-06-06', 22, 1, 1, '20:23:52'),
(1050, '2016-06-06', 21, 3, 3, '20:33:52'),
(1051, '2016-06-06', 21, 4, 3, '20:34:49'),
(1052, '2016-06-06', 23, 1, 2, '20:44:58'),
(1053, '2016-06-06', 23, 2, 2, '20:45:33'),
(1054, '2016-06-06', 21, 5, 3, '20:49:21'),
(1055, '2016-06-06', 24, 1, 2, '20:58:02'),
(1056, '2016-06-06', 21, 6, 3, '21:03:56'),
(1057, '2016-06-06', 21, 7, 3, '21:17:55'),
(1058, '2016-06-06', 25, 1, 1, '21:22:33'),
(1059, '2016-06-06', 21, 8, 3, '21:25:24'),
(1060, '2016-06-06', 24, 2, 2, '21:32:41'),
(1061, '2016-06-06', 21, 9, 3, '22:32:51'),
(1062, '2016-06-07', 1, 1, 2, '11:43:38'),
(1063, '2016-06-07', 2, 1, 1, '11:43:58'),
(1064, '2016-06-07', 3, 1, 2, '12:07:01'),
(1065, '2016-06-07', 4, 1, 2, '12:12:08'),
(1066, '2016-06-07', 5, 1, 2, '12:17:34'),
(1067, '2016-06-07', 5, 2, 2, '12:17:54'),
(1068, '2016-06-07', 6, 1, 2, '12:18:27'),
(1069, '2016-06-07', 7, 1, 1, '12:39:13'),
(1070, '2016-06-07', 8, 1, 1, '12:39:30'),
(1071, '2016-06-07', 9, 1, 1, '12:45:39'),
(1072, '2016-06-07', 10, 1, 2, '12:53:39'),
(1073, '2016-06-07', 11, 1, 1, '12:55:58'),
(1074, '2016-06-07', 12, 1, 1, '13:00:00'),
(1075, '2016-06-07', 9, 2, 1, '13:00:53'),
(1076, '2016-06-07', 13, 1, 1, '13:06:20'),
(1077, '2016-06-07', 14, 1, 1, '13:19:58'),
(1078, '2016-06-07', 15, 1, 1, '13:28:07'),
(1079, '2016-06-07', 16, 1, 2, '13:29:25'),
(1080, '2016-06-07', 17, 1, 1, '13:52:07'),
(1081, '2016-06-07', 18, 1, 1, '13:52:17'),
(1082, '2016-06-07', 19, 1, 2, '13:54:40'),
(1083, '2016-06-07', 20, 1, 1, '13:55:18'),
(1084, '2016-06-07', 21, 1, 1, '14:07:44'),
(1085, '2016-06-07', 22, 1, 1, '14:19:28'),
(1086, '2016-06-07', 23, 1, 1, '14:55:13'),
(1087, '2016-06-07', 24, 1, 1, '09:03:49'),
(1088, '2016-06-07', 25, 1, 1, '09:05:27'),
(1089, '2016-06-07', 26, 1, 1, '09:10:25'),
(1090, '2016-06-07', 27, 1, 10, '09:17:42'),
(1091, '2016-06-07', 28, 1, 99, '09:19:20'),
(1092, '2016-06-07', 29, 1, 1, '09:26:00'),
(1093, '2016-06-07', 30, 1, 10, '09:29:32'),
(1094, '2016-06-07', 31, 1, 10, '09:32:09'),
(1095, '2016-06-07', 32, 1, 10, '09:36:16'),
(1096, '2016-06-07', 33, 1, 99, '09:53:00'),
(1097, '2016-06-07', 34, 1, 10, '09:58:08'),
(1098, '2016-06-07', 35, 1, 1, '10:01:06'),
(1099, '2016-06-07', 36, 1, 1, '10:59:56'),
(1100, '2016-06-07', 36, 2, 1, '11:00:42');

-- --------------------------------------------------------

--
-- Table structure for table `shifts`
--

CREATE TABLE `shifts` (
  `id` int(10) UNSIGNED NOT NULL,
  `date` date NOT NULL,
  `staff_id` tinyint(5) UNSIGNED ZEROFILL NOT NULL,
  `start_time` time NOT NULL,
  `end_time` time DEFAULT NULL,
  `start_break_1` time DEFAULT NULL,
  `end_break_1` time DEFAULT NULL,
  `start_break_2` time DEFAULT NULL,
  `end_break_2` time DEFAULT NULL,
  `start_break_3` time DEFAULT NULL,
  `end_break_3` time DEFAULT NULL,
  `start_break_4` time DEFAULT NULL,
  `end_break_4` time DEFAULT NULL,
  `start_break_5` time DEFAULT NULL,
  `end_break_5` time DEFAULT NULL,
  `comment` tinytext
) ENGINE=InnoDB DEFAULT CHARSET=utf8mb4;

-- --------------------------------------------------------

--
-- Table structure for table `staffs`
--

CREATE TABLE `staffs` (
  `id` tinyint(5) UNSIGNED ZEROFILL NOT NULL,
  `fristname` varchar(255) NOT NULL,
  `lastname` varchar(255) NOT NULL,
  `email` varchar(50) NOT NULL,
  `tel` varchar(50) NOT NULL,
  `station` tinytext,
  `start_date` date NOT NULL,
  `end_date` date DEFAULT NULL
) ENGINE=InnoDB DEFAULT CHARSET=utf8mb4;

--
-- Dumping data for table `staffs`
--

INSERT INTO `staffs` (`id`, `fristname`, `lastname`, `email`, `tel`, `station`, `start_date`, `end_date`) VALUES
(00001, 'PP', 'PP', 'pornpat.pp@gmail.com', '080-3556-1892', NULL, '2016-06-15', NULL);

-- --------------------------------------------------------

--
-- Table structure for table `tables`
--

CREATE TABLE `tables` (
  `id` tinyint(4) UNSIGNED NOT NULL,
  `table_no` char(3) NOT NULL,
  `billing_no` tinyint(4) UNSIGNED DEFAULT NULL,
  `total_customer` tinyint(4) UNSIGNED DEFAULT NULL,
  `total_price` decimal(10,2) UNSIGNED DEFAULT NULL,
  `used` enum('Y','N') NOT NULL DEFAULT 'N',
  `description` tinytext,
  `ordered` tinyint(4) UNSIGNED DEFAULT NULL,
  `showed` enum('Y','N') NOT NULL DEFAULT 'N'
) ENGINE=InnoDB DEFAULT CHARSET=utf8mb4;

--
-- Dumping data for table `tables`
--

INSERT INTO `tables` (`id`, `table_no`, `billing_no`, `total_customer`, `total_price`, `used`, `description`, `ordered`, `showed`) VALUES
(1, 'C1', NULL, NULL, NULL, 'N', 'XXX', NULL, 'N'),
(2, 'C2', NULL, NULL, NULL, 'N', NULL, NULL, 'N'),
(3, 'C3', NULL, NULL, NULL, 'N', NULL, NULL, 'N'),
(4, 'C4', NULL, NULL, NULL, 'N', NULL, NULL, 'N'),
(5, 'C5', NULL, NULL, NULL, 'N', NULL, NULL, 'N'),
(6, 'C6', NULL, NULL, NULL, 'N', NULL, NULL, 'N'),
(7, 'C7', NULL, NULL, NULL, 'N', NULL, NULL, 'N'),
(8, 'C8', NULL, NULL, NULL, 'N', NULL, NULL, 'N'),
(9, 'C9', NULL, NULL, NULL, 'N', NULL, NULL, 'N'),
(10, '10', NULL, NULL, NULL, 'N', NULL, NULL, 'N'),
(11, '11', NULL, NULL, NULL, 'N', NULL, NULL, 'N'),
(12, '12', NULL, NULL, NULL, 'N', NULL, NULL, 'N'),
(13, '13', NULL, NULL, NULL, 'N', NULL, NULL, 'N'),
(14, '14', NULL, NULL, NULL, 'N', NULL, NULL, 'N'),
(15, '15', NULL, NULL, NULL, 'N', NULL, NULL, 'N'),
(16, '16', NULL, NULL, NULL, 'N', NULL, NULL, 'N'),
(17, '17', NULL, NULL, NULL, 'N', NULL, NULL, 'N'),
(18, '18', NULL, NULL, NULL, 'N', NULL, NULL, 'N'),
(19, '19', NULL, NULL, NULL, 'N', NULL, NULL, 'N'),
(20, '20', NULL, NULL, NULL, 'N', NULL, NULL, 'N'),
(21, 'TO1', NULL, NULL, NULL, 'N', NULL, NULL, 'N'),
(22, 'TO2', NULL, NULL, NULL, 'N', NULL, NULL, 'N'),
(23, 'TO3', NULL, NULL, NULL, 'N', NULL, NULL, 'N'),
(24, 'TO4', NULL, NULL, NULL, 'N', NULL, NULL, 'N'),
(25, 'TO5', 36, 1, '3200.00', 'Y', NULL, NULL, 'N');

--
-- Indexes for dumped tables
--

--
-- Indexes for table `billings`
--
ALTER TABLE `billings`
  ADD PRIMARY KEY (`id`),
  ADD UNIQUE KEY `today_billing_no_unique` (`date`,`billing_no`) USING BTREE,
  ADD KEY `table_no_idx` (`table_no`) USING BTREE;

--
-- Indexes for table `categories`
--
ALTER TABLE `categories`
  ADD PRIMARY KEY (`id`);

--
-- Indexes for table `menus`
--
ALTER TABLE `menus`
  ADD PRIMARY KEY (`id`),
  ADD UNIQUE KEY `menu_no_idx` (`menu_no`) USING BTREE,
  ADD KEY `category_id_idx` (`category_id`) USING BTREE;

--
-- Indexes for table `ordering_items`
--
ALTER TABLE `ordering_items`
  ADD PRIMARY KEY (`id`),
  ADD KEY `item_ordering_idx` (`date`,`billing_no`,`ordering_no`) USING BTREE;

--
-- Indexes for table `orderings`
--
ALTER TABLE `orderings`
  ADD PRIMARY KEY (`id`),
  ADD UNIQUE KEY `ordering_item_idx` (`date`,`billing_no`,`ordering_no`) USING BTREE;

--
-- Indexes for table `shifts`
--
ALTER TABLE `shifts`
  ADD PRIMARY KEY (`id`);

--
-- Indexes for table `staffs`
--
ALTER TABLE `staffs`
  ADD PRIMARY KEY (`id`);

--
-- Indexes for table `tables`
--
ALTER TABLE `tables`
  ADD PRIMARY KEY (`id`),
  ADD UNIQUE KEY `table_no_unique` (`table_no`) USING BTREE;

--
-- AUTO_INCREMENT for dumped tables
--

--
-- AUTO_INCREMENT for table `billings`
--
ALTER TABLE `billings`
  MODIFY `id` int(11) UNSIGNED NOT NULL AUTO_INCREMENT, AUTO_INCREMENT=690;
--
-- AUTO_INCREMENT for table `categories`
--
ALTER TABLE `categories`
  MODIFY `id` int(10) UNSIGNED NOT NULL AUTO_INCREMENT, AUTO_INCREMENT=13;
--
-- AUTO_INCREMENT for table `menus`
--
ALTER TABLE `menus`
  MODIFY `id` int(10) UNSIGNED NOT NULL AUTO_INCREMENT, AUTO_INCREMENT=151;
--
-- AUTO_INCREMENT for table `ordering_items`
--
ALTER TABLE `ordering_items`
  MODIFY `id` int(10) UNSIGNED NOT NULL AUTO_INCREMENT, AUTO_INCREMENT=2028;
--
-- AUTO_INCREMENT for table `orderings`
--
ALTER TABLE `orderings`
  MODIFY `id` int(10) UNSIGNED NOT NULL AUTO_INCREMENT, AUTO_INCREMENT=1101;
--
-- AUTO_INCREMENT for table `shifts`
--
ALTER TABLE `shifts`
  MODIFY `id` int(10) UNSIGNED NOT NULL AUTO_INCREMENT;
--
-- AUTO_INCREMENT for table `staffs`
--
ALTER TABLE `staffs`
  MODIFY `id` tinyint(5) UNSIGNED ZEROFILL NOT NULL AUTO_INCREMENT, AUTO_INCREMENT=2;
--
-- AUTO_INCREMENT for table `tables`
--
ALTER TABLE `tables`
  MODIFY `id` tinyint(4) UNSIGNED NOT NULL AUTO_INCREMENT, AUTO_INCREMENT=26;
--
-- Constraints for dumped tables
--

--
-- Constraints for table `billings`
--
ALTER TABLE `billings`
  ADD CONSTRAINT `billing_table_fk` FOREIGN KEY (`table_no`) REFERENCES `tables` (`table_no`);

--
-- Constraints for table `menus`
--
ALTER TABLE `menus`
  ADD CONSTRAINT `menu_category_fk` FOREIGN KEY (`category_id`) REFERENCES `categories` (`id`) ON UPDATE CASCADE;

--
-- Constraints for table `ordering_items`
--
ALTER TABLE `ordering_items`
  ADD CONSTRAINT `item_ordering_fk` FOREIGN KEY (`date`,`billing_no`,`ordering_no`) REFERENCES `orderings` (`date`, `billing_no`, `ordering_no`) ON DELETE CASCADE ON UPDATE CASCADE;

--
-- Constraints for table `orderings`
--
ALTER TABLE `orderings`
  ADD CONSTRAINT `ordering_billing_fk` FOREIGN KEY (`date`,`billing_no`) REFERENCES `billings` (`date`, `billing_no`) ON DELETE CASCADE ON UPDATE CASCADE;

/*!40101 SET CHARACTER_SET_CLIENT=@OLD_CHARACTER_SET_CLIENT */;
/*!40101 SET CHARACTER_SET_RESULTS=@OLD_CHARACTER_SET_RESULTS */;
/*!40101 SET COLLATION_CONNECTION=@OLD_COLLATION_CONNECTION */;
